franchise,movie_title,movie_id,movie_revenue,total_franchise_revenue,percent_franchise_rev
Star Wars,Star Wars,11,775398007.0,10324020963.0,7.5106202300337195
Star Wars,The Empire Strikes Back,1891,538400000.0,10324020963.0,5.215022343809241
Star Wars,Return of the Jedi,1892,572700000.0,10324020963.0,5.547257236811948
Star Wars,Star Wars: Episode I - The Phantom Menace,1893,924317558.0,10324020963.0,8.95307711319687
Star Wars,Star Wars: Episode II - Attack of the Clones,1894,649398328.0,10324020963.0,6.29016863029785
Star Wars,Star Wars: Episode III - Revenge of the Sith,1895,850000000.0,10324020963.0,8.233226211437323
Star Wars,Star Wars: The Force Awakens,140607,2068223624.0,10324020963.0,20.033121120271403
Star Wars,Rogue One: A Star Wars Story,330459,1056057273.0,10324020963.0,10.229127553932496
James Bond,GoldenEye,710,352194034.0,7119674009.0,4.946771910550828
James Bond,Tomorrow Never Dies,714,333011068.0,7119674009.0,4.677335894579439
James Bond,A View to a Kill,707,152427960.0,7119674009.0,2.1409401583178584
James Bond,Goldfinger,658,124881062.0,7119674009.0,1.7540278086066512
James Bond,From Russia with Love,657,78898765.0,7119674009.0,1.1081794601868546
James Bond,Dr. No,646,59600000.0,7119674009.0,0.8371169792979212
James Bond,For Your Eyes Only,699,195312802.0,7119674009.0,2.7432829333633046
James Bond,Licence to Kill,709,156167015.0,7119674009.0,2.1934573802478714
James Bond,Live and Let Die,253,161777836.0,7119674009.0,2.272264654189169
James Bond,Thunderball,660,141195658.0,7119674009.0,1.9831758844788983
James Bond,The World Is Not Enough,36643,361832400.0,7119674009.0,5.0821484177872
James Bond,On Her Majesty's Secret Service,668,81974493.0,7119674009.0,1.151379865094607
James Bond,The Spy Who Loved Me,691,185438673.0,7119674009.0,2.604594996422399
James Bond,Moonraker,698,210308099.0,7119674009.0,2.953900680482687
James Bond,The Man with the Golden Gun,682,97572000.0,7119674009.0,1.3704560051016235
James Bond,Diamonds Are Forever,681,116019547.0,7119674009.0,1.6295626295998857
James Bond,The Living Daylights,708,191185897.0,7119674009.0,2.6853181305537497
James Bond,Casino Royale,12208,41744718.0,7119674009.0,0.5863290643255631
James Bond,Die Another Day,36669,431971116.0,7119674009.0,6.0672878484877835
James Bond,You Only Live Twice,667,111584787.0,7119674009.0,1.5672738226349319
James Bond,Octopussy,700,187500000.0,7119674009.0,2.6335475439322185
James Bond,Never Say Never Again,36670,160000000.0,7119674009.0,2.247293904155493
James Bond,Casino Royale,36557,599045960.0,7119674009.0,8.413952088856096
James Bond,Quantum of Solace,10764,586090727.0,7119674009.0,8.231988237932256
James Bond,Skyfall,37724,1108561013.0,7119674009.0,15.570390043120863
James Bond,Spectre,206647,880674609.0,7119674009.0,12.369591752188889
Batman,Batman Forever,414,336529144.0,6052346905.0,5.560308245417733
Batman,Batman,268,411348924.0,6052346905.0,6.796519275195115
Batman,Batman Returns,364,280000000.0,6052346905.0,4.626304545905734
Batman,Batman & Robin,415,238207122.0,6052346905.0,3.9357810406275777
Batman,Batman: Mask of the Phantasm,14919,5617391.0,6052346905.0,0.09281343399796413
Harry Potter,Harry Potter and the Philosopher's Stone,671,976475550.0,9195390708.0,10.619184991785778
Harry Potter,Harry Potter and the Chamber of Secrets,672,876688482.0,9195390708.0,9.533999259403735
Harry Potter,Harry Potter and the Prisoner of Azkaban,673,789804554.0,9195390708.0,8.589135351398056
Harry Potter,Harry Potter and the Goblet of Fire,674,895921036.0,9195390708.0,9.743153547793764
Harry Potter,Harry Potter and the Order of the Phoenix,675,938212738.0,9195390708.0,10.2030763867788
Harry Potter,Harry Potter and the Half-Blood Prince,767,933959197.0,9195390708.0,10.156819070096223
Harry Potter,Harry Potter and the Deathly Hallows: Part 1,12444,954305868.0,9195390708.0,10.378089396133575
Harry Potter,Harry Potter and the Deathly Hallows: Part 2,12445,1342000000.0,9195390708.0,14.594268396148285
Spider-Man,Spider-Man,557,821708551.0,7220451465.0,11.380293254280604
Spider-Man,Spider-Man 2,558,783766341.0,7220451465.0,10.85481073862464
Spider-Man,Spider-Man 3,559,890871626.0,7220451465.0,12.33817068528692
Spider-Man,The Amazing Spider-Man,1930,752215857.0,7220451465.0,10.417850748616589
Spider-Man,The Amazing Spider-Man 2,102382,705717432.0,7220451465.0,9.773868509758067
X-Men,X-Men,36657,296339527.0,6032391564.0,4.912471676548482
X-Men,X2,36658,407711549.0,6032391564.0,6.758704979184936
X-Men,X-Men: The Last Stand,36668,459359555.0,6032391564.0,7.6148829220794925
X-Men,X-Men: First Class,49538,353624124.0,6032391564.0,5.862088364925643
X-Men,X-Men: Days of Future Past,127585,747862775.0,6032391564.0,12.397450779937467
X-Men,X-Men: Apocalypse,246655,543934787.0,6032391564.0,9.016901194645328
Avengers,Ultimate Avengers,14609,6700000.0,7757359731.0,0.08636959264922865
Avengers,The Avengers,24428,1519557910.0,7757359731.0,19.588596670688545
Avengers,Avengers: Age of Ultron,99861,1405403694.0,7757359731.0,18.117036501268835
Avengers,Ultimate Avengers 2,14611,7900000.0,7757359731.0,0.10183877342222483
Jurassic Park,Jurassic Park,329,920100000.0,5009038251.0,18.368795642882386
Jurassic Park,The Lost World: Jurassic Park,330,229074524.0,5009038251.0,4.573223691279813
Jurassic Park,Jurassic Park III,331,368780809.0,5009038251.0,7.362307703008196
Jurassic Park,Jurassic World,135397,1513528810.0,5009038251.0,30.21595632051403
Star Trek,Star Trek: Generations,193,120000000.0,2267036257.0,5.2932545577721655
Star Trek,Star Trek: First Contact,199,150000000.0,2267036257.0,6.616568197215207
Star Trek,Star Trek: The Motion Picture,152,139000000.0,2267036257.0,6.131353196086091
Star Trek,Star Trek VI: The Undiscovered Country,174,96900000.0,2267036257.0,4.274303055401023
Star Trek,Star Trek V: The Final Frontier,172,70200000.0,2267036257.0,3.096553916296717
Star Trek,Star Trek II: The Wrath of Khan,154,96800000.0,2267036257.0,4.269892009936213
Star Trek,Star Trek III: The Search for Spock,157,87000000.0,2267036257.0,3.8376095543848203
Star Trek,Star Trek IV: The Voyage Home,168,133000000.0,2267036257.0,5.866690468197483
Star Trek,Star Trek: Insurrection,200,118000000.0,2267036257.0,5.205033648475962
Star Trek,Star Trek: Nemesis,201,67312826.0,2267036257.0,2.9691993585085394
Star Trek,Star Trek,13475,385680446.0,2267036257.0,17.012539821942514
Star Trek,Star Trek Into Darkness,54138,467365246.0,2267036257.0,20.615693487781744
Star Trek,Star Trek Beyond,188927,343471816.0,2267036257.0,15.150697962569021
Indiana Jones,Raiders of the Lost Ark,85,389925971.0,1961339569.0,19.88059473040693
Indiana Jones,Indiana Jones and the Last Crusade,89,474171806.0,1961339569.0,24.17591596552346
Indiana Jones,Indiana Jones and the Temple of Doom,87,333000000.0,1961339569.0,16.978192112331776
Indiana Jones,Indiana Jones and the Kingdom of the Crystal Skull,217,786636033.0,1961339569.0,40.10708015242209
Superman,Superman,1924,300218018.0,2554512067.0,11.752460357432321
Superman,Superman II,8536,190458706.0,2554512067.0,7.455776328497571
Superman,Superman III,9531,75850624.0,2554512067.0,2.9692803169678665
Superman,Superman IV: The Quest for Peace,11411,19300000.0,2554512067.0,0.7555258888506946
Superman,Superman Returns,1452,391081192.0,2554512067.0,15.309428248631562
Fast and the Furious,The Fast and the Furious,9799,207283925.0,5901315134.0,3.512503912996421
Fast and the Furious,2 Fast 2 Furious,584,236350661.0,5901315134.0,4.005050664694769
Fast and the Furious,The Fast and the Furious: Tokyo Drift,9615,158468292.0,5901315134.0,2.685304688898859
Fast and the Furious,Fast & Furious,13804,363164265.0,5901315134.0,6.153954783869367
Fast and the Furious,Fast Five,51497,626137675.0,5901315134.0,10.610137923198732
Fast and the Furious,Fast & Furious 6,82992,788679850.0,5901315134.0,13.364476088661629
Fast and the Furious,Furious 7,168259,1506249360.0,5901315134.0,25.52396077480854
Fast and the Furious,The Fate of the Furious,337339,1238764765.0,5901315134.0,20.991333912384146
Shrek,Shrek,808,484409218.0,3546160710.0,13.660103351604727
Shrek,Shrek 2,809,919838758.0,3546160710.0,25.939003706349222
Shrek,Shrek the Third,810,798958165.0,3546160710.0,22.530230024459325
Shrek,Shrek Forever After,10192,752600867.0,3546160710.0,21.22297686277168
Rocky,Rocky,1366,117235147.0,1513939512.0,7.7437140698656926
Rocky,Rocky II,1367,200182160.0,1513939512.0,13.222599609382543
Rocky,Rocky III,1371,270000000.0,1513939512.0,17.83426602317253
Rocky,Rocky IV,1374,300473716.0,1513939512.0,19.84714142264886
Rocky,Rocky V,1375,119946358.0,1513939512.0,7.922797248454402
Rocky,The Rocky Horror Picture Show,36685,112892319.0,1513939512.0,7.456857959329091
Rocky,Rocky Balboa,1246,155721132.0,1513939512.0,10.285822568583573
Rocky,Creed,312221,173567581.0,1513939512.0,11.464631157602021
Pirates of the Caribbean,Pirates of the Caribbean: The Curse of the Black Pearl,22,655011224.0,4517852068.0,14.498288437539872
Pirates of the Caribbean,Pirates of the Caribbean: Dead Man's Chest,58,1065659812.0,4517852068.0,23.58775355988482
Pirates of the Caribbean,Pirates of the Caribbean: At World's End,285,961000000.0,4517852068.0,21.271170138720883
Pirates of the Caribbean,Pirates of the Caribbean: On Stranger Tides,1865,1045713802.0,4517852068.0,23.14626035249811
Pirates of the Caribbean,Pirates of the Caribbean: Dead Men Tell No Tales,166426,794191988.0,4517852068.0,17.57897284032984
Transformers,Transformers,1858,709709780.0,4846579018.0,14.643520251380743
Transformers,Transformers: Revenge of the Fallen,8373,836297228.0,4846579018.0,17.255413042767394
Transformers,Transformers: Dark of the Moon,38356,1123746996.0,4846579018.0,23.18639584388181
Transformers,Transformers: Age of Extinction,91314,1091405097.0,4846579018.0,22.519081870873563
Transformers,Transformers: The Last Knight,335988,604942143.0,4846579018.0,12.48183802953112
Toy Story,Toy Story,862,373554033.0,3054046196.0,12.231446711227154
Toy Story,Toy Story 2,863,497366869.0,3054046196.0,16.285505754674574
Toy Story,Toy Story 3,10193,1066969703.0,3054046196.0,34.936266006632465
Jaws,Jaws,578,470654000.0,737573891.0,63.811098215785414
Jaws,Jaws 2,579,187884007.0,737573891.0,25.47324536464646
Jaws,Jaws 3-D,17692,87987055.0,737573891.0,11.929252929588854
Jaws,Jaws: The Revenge,580,51881013.0,737573891.0,7.03400888142338
Hunger Games,The Hunger Games,70160,691210692.0,2958353344.0,23.36471041912159
Hunger Games,The Hunger Games: Catching Fire,101299,847423452.0,2958353344.0,28.64510602557691
Hunger Games,The Hunger Games: Mockingjay - Part 1,131631,752100229.0,2958353344.0,25.42293436736947
Hunger Games,The Hunger Games: Mockingjay - Part 2,131634,653428261.0,2958353344.0,22.08756646075608
Twilight,Twilight,8966,392616625.0,3317470739.0,11.834818025202784
Twilight,The Twilight Saga: New Moon,18239,709827462.0,3317470739.0,21.396645753504565
Twilight,The Twilight Saga: Eclipse,24021,698491347.0,3317470739.0,21.05493618341753
Twilight,The Twilight Saga: Breaking Dawn - Part 1,50619,712171856.0,3317470739.0,21.467313867391432
Twilight,The Twilight Saga: Breaking Dawn - Part 2,50620,829000000.0,3317470739.0,24.988916714601956
Mission: Impossible,Mission: Impossible,954,457696359.0,3577703029.0,12.79302265420085
Mission: Impossible,Mission: Impossible II,955,546388105.0,3577703029.0,15.272036291752263
Mission: Impossible,Mission: Impossible III,956,397850012.0,3577703029.0,11.120263721586825
Mission: Impossible,Mission: Impossible - Ghost Protocol,56292,694713380.0,3577703029.0,19.417860408446998
Mission: Impossible,Mission: Impossible - Rogue Nation,177677,682330139.0,3577703029.0,19.071737745396867
Peter Pan,Peter Pan,10693,87404651.0,708714979.0,12.33283528497286
Peter Pan,Return to Never Land,16690,109862682.0,708714979.0,15.501673487276472
Planet of the Apes,Planet of the Apes,871,33395426.0,2115119208.0,1.5788909614970505
Planet of the Apes,Beneath the Planet of the Apes,1685,18999718.0,2115119208.0,0.8982811903999313
Planet of the Apes,Battle for the Planet of the Apes,1705,8844595.0,2115119208.0,0.41816059192064226
Planet of the Apes,Conquest of the Planet of the Apes,1688,9700000.0,2115119208.0,0.4586029933117604
Planet of the Apes,Escape from the Planet of the Apes,1687,12348905.0,2115119208.0,0.58383966980645
Planet of the Apes,Rise of the Planet of the Apes,61791,482860185.0,2115119208.0,22.828982081656743
Planet of the Apes,Dawn of the Planet of the Apes,119450,710644566.0,2115119208.0,33.59832218024091
Planet of the Apes,War for the Planet of the Apes,281338,369907963.0,2115119208.0,17.48875248264494
The Lion King,The Lion King,8587,788241776.0,2643158262.0,29.82196667268651
Despicable Me,Despicable Me,20352,543513985.0,3713037258.0,14.637988989444178
Despicable Me,Despicable Me 2,93456,970761885.0,3713037258.0,26.144684729689295
Despicable Me,Minions,211672,1156730962.0,3713037258.0,31.153227980886584
Despicable Me,Despicable Me 3,324852,1020063384.0,3713037258.0,27.472479081706
Lady and the Tramp,Lady and the Tramp,10340,93600000.0,93600000.0,100.0
Exorcist,The Exorcist,9552,441306145.0,522446253.0,84.46919514991717
Exorcist,Exorcist II: The Heretic,11586,30749142.0,522446253.0,5.885608677147504
Exorcist,The Exorcist III,11587,39024251.0,522446253.0,7.469524525425202
Exorcist,Exorcist: The Beginning,11026,78000586.0,522446253.0,14.92987758111072
Exorcist,Dominion: Prequel to the Exorcist,12700,251495.0,522446253.0,0.04813796606940159
Billy Jack,The Born Losers,44695,36000000.0,223000000.0,16.143497757847534
Iron Man,Iron Man,1726,585174222.0,2421720208.0,24.163576785910852
Iron Man,Iron Man 2,10138,623933331.0,2421720208.0,25.76405519262199
Iron Man,Iron Man 3,68721,1215439994.0,2421720208.0,50.18911722274401
King Kong,King Kong,244,10000000.0,1216915731.0,0.8217495875234109
King Kong,King Kong,10730,90614445.0,1216915731.0,7.44623828024128
King Kong,King Kong Lives,31947,4711220.0,1216915731.0,0.38714430917320436
Alien,Aliens,679,183316455.0,1648542927.0,11.11990788942313
Alien,Alien,348,104931801.0,1648542927.0,6.365123969865542
Alien,Alien??,8077,159773545.0,1648542927.0,9.691803736694569
Alien,Alien: Resurrection,8078,162000000.0,1648542927.0,9.82685966781622
Alien,Alien Nation,10128,32155047.0,1648542927.0,1.9505131758088576
Terminator,Terminator 2: Judgment Day,280,520000000.0,2074603836.0,25.06502643910083
Terminator,The Terminator,218,78371200.0,2074603836.0,3.7776465385847287
Terminator,Terminator 3: Rise of the Machines,296,435000000.0,2074603836.0,20.96785865578627
Terminator,Terminator Salvation,534,371353001.0,2074603836.0,17.899947669816225
Terminator,Terminator Genisys,87101,440603537.0,2074603836.0,21.237960200127578
Finding Nemo,Finding Nemo,12,940335536.0,1965000259.0,47.85421944313342
Finding Nemo,Finding Dory,127380,1028570889.0,1965000259.0,52.34456760445648
Beverly Hills Cop,Beverly Hills Cop III,306,119208989.0,712145974.0,16.739403626818792
Beverly Hills Cop,Beverly Hills Cop II,96,299965036.0,712145974.0,42.12128509484489
Beverly Hills Cop,Beverly Hills Cop,90,316360478.0,712145974.0,44.423543704538304
Home Alone,Home Alone,771,476684675.0,866371962.0,55.02078736476932
Home Alone,Home Alone 3,9714,79082515.0,866371962.0,9.128009500381316
Home Alone,Home Alone 2: Lost in New York,772,358991681.0,866371962.0,41.43620716571619
Lethal Weapon,Lethal Weapon 4,944,285444603.0,952592350.0,29.965032051748054
Lethal Weapon,Lethal Weapon,941,120207127.0,952592350.0,12.618947338806574
Lethal Weapon,Lethal Weapon 2,942,227853986.0,952592350.0,23.919359209634635
Lethal Weapon,Lethal Weapon 3,943,321731527.0,952592350.0,33.77431353506041
Bourne,The Bourne Identity,2501,214034224.0,1665926127.0,12.847762006436195
Bourne,The Bourne Supremacy,2502,288500217.0,1665926127.0,17.31770768968797
Bourne,The Bourne Ultimatum,2503,442824138.0,1665926127.0,26.581258965992554
Bourne,The Bourne Legacy,49040,276572938.0,1665926127.0,16.601752833905824
Bourne,Jason Bourne,324668,415484914.0,1665926127.0,24.940176353930248
Ice Age,Ice Age,425,383257136.0,3179639301.0,12.053478389182862
Ice Age,Ice Age: The Meltdown,950,660940780.0,3179639301.0,20.78665903368767
Ice Age,Ice Age: Dawn of the Dinosaurs,8355,886686817.0,3179639301.0,27.886396319266026
Ice Age,Ice Age: Continental Drift,57800,877244782.0,3179639301.0,27.58944329704648
Ice Age,Ice Age: Collision Course,278154,408579038.0,3179639301.0,12.849854946487216
Ghostbusters,Ghostbusters,620,295212467.0,739721125.0,39.908616507335786
Ghostbusters,Ghostbusters II,2978,215394738.0,739721125.0,29.118370521052782
Ghostbusters,Ghostbusters,43074,229147509.0,739721125.0,30.977553736889696
Cinderella,Cinderella,11224,263591415.0,263591415.0,100.0
Cinderella,A Cinderella Story,11247,70067909.0,263591415.0,26.58201482017159
The Incredibles,The Incredibles,9806,631442092.0,1874246451.0,33.69045152322927
Airport,Airport,10671,100489151.0,190774302.0,52.674364391069815
Airport,Airport 1975,27932,47000000.0,190774302.0,24.63644186207008
Airport,Airport '77,7227,30000000.0,190774302.0,15.725388422597925
Airport,The Concorde... Airport '79,29723,13015688.0,190774302.0,6.822558312911557
Back to the Future,Back to the Future,105,381109762.0,961613438.0,39.632324896857355
Back to the Future,Back to the Future Part II,165,332000000.0,961613438.0,34.52530787116558
Back to the Future,Back to the Future Part III,196,244527583.0,961613438.0,25.428885801406615
Jack Ryan,Clear and Present Danger,9331,215887717.0,910977412.0,23.698470912251334
Jack Ryan,The Hunt for Red October,1669,199200000.0,910977412.0,21.866623406464882
Jack Ryan,Patriot Games,9869,178051587.0,910977412.0,19.545115461106516
Jack Ryan,The Sum of All Fears,4614,193000000.0,910977412.0,21.186035730159244
Jack Ryan,Jack Ryan: Shadow Recruit,137094,50549107.0,910977412.0,5.548886979428201
Matrix,The Matrix,603,463517383.0,1631299148.0,28.414002641286245
Matrix,The Matrix Reloaded,604,738599701.0,1631299148.0,45.276778444072356
Matrix,The Matrix Revolutions,605,424988211.0,1631299148.0,26.05213222363554
Teenage Mutant Ninja Turtles,Teenage Mutant Ninja Turtles,1498,202000000.0,1149359568.0,17.575004865666198
Teenage Mutant Ninja Turtles,Teenage Mutant Ninja Turtles II: The Secret of the Ooze,1497,78000000.0,1149359568.0,6.786388017435463
Teenage Mutant Ninja Turtles,Teenage Mutant Ninja Turtles III,1499,42000000.0,1149359568.0,3.654208932465249
Teenage Mutant Ninja Turtles,Teenage Mutant Ninja Turtles,98566,477200000.0,1149359568.0,41.51877387077183
Teenage Mutant Ninja Turtles,Teenage Mutant Ninja Turtles: Out of the Shadows,308531,245623848.0,1149359568.0,21.3704966520973
Frozen,Frozen,109445,1274219009.0,2718773107.0,46.86742728620053
Jungle Book,The Jungle Book,9325,205843612.0,281965225.0,73.00319108499993
Jungle Book,The Jungle Book 2,14873,135680000.0,281965225.0,48.119409051240275
Captain America,Captain America: The First Avenger,1771,370569774.0,2238256014.0,16.556183550145036
Captain America,Captain America: The Winter Soldier,100402,714766572.0,2238256014.0,31.934084730666562
Captain America,Captain America: Civil War,271110,1153304495.0,2238256014.0,51.52692488197197
The Hobbit,The Hobbit: An Unexpected Journey,49051,1021103568.0,2922822711.0,34.93552873245071
The Hobbit,The Hobbit: The Desolation of Smaug,57158,958400000.0,2922822711.0,32.790220097615766
The Hobbit,The Hobbit: The Battle of the Five Armies,122917,956019788.0,2922822711.0,32.70878471013769
Avatar,Avatar,19995,2787965087.0,2788701337.0,99.97359882213877
Pink Panther,The Return of the Pink Panther,11843,41833347.0,378233670.0,11.060185889849521
Pink Panther,Trail of the Pink Panther,9699,9056073.0,378233670.0,2.394306408522541
Pink Panther,The Pink Panther,936,10878107.0,378233670.0,2.876028197066644
Pink Panther,The Pink Panther Strikes Again,12268,33833201.0,378233670.0,8.94505267074716
Pink Panther,A Shot in the Dark,1594,12368234.0,378233670.0,3.2699981469127275
Pink Panther,Revenge of the Pink Panther,6081,49579269.0,378233670.0,13.108105632161198
Pink Panther,Son of the Pink Panther,46828,2438031.0,378233670.0,0.6445832810177899
Pink Panther,Curse of the Pink Panther,36576,4491986.0,378233670.0,1.1876219269426753
Pink Panther,The Pink Panther 2,15159,75871032.0,378233670.0,20.059301436596062
Die Hard,Die Hard: With a Vengeance,1572,366101666.0,1431562382.0,25.573574061685562
Die Hard,Die Hard,562,140767956.0,1431562382.0,9.833169533509018
Die Hard,Die Hard 2,1573,240031094.0,1431562382.0,16.767071908152445
Die Hard,Live Free or Die Hard,1571,383531464.0,1431562382.0,26.791110804698416
Die Hard,A Good Day to Die Hard,47964,304654182.0,1431562382.0,21.28123690805393
Mummy,The Mummy,564,415885488.0,1423076742.0,29.22438936184933
Mummy,The Mummy Returns,1734,433013274.0,1423076742.0,30.427963666347374
Mummy,The Mummy: Tomb of the Dragon Emperor,1735,401128639.0,1423076742.0,28.1874214623346
Dirty Harry,Magnum Force,10648,39768000.0,224579600.0,17.707752618670618
Dirty Harry,Dirty Harry,984,35976000.0,224579600.0,16.01926443897843
Dirty Harry,The Enforcer,10649,46236000.0,224579600.0,20.587800494791157
Dirty Harry,Sudden Impact,10650,67642693.0,224579600.0,30.119696089938714
Meet the Parents,Meet the Parents,1597,330444045.0,1157643189.0,28.54455052644032
Meet the Parents,Meet the Fockers,693,516642939.0,1157643189.0,44.62885834851139
Meet the Parents,Little Fockers,39451,310650585.0,1157643189.0,26.8347438962041
Friday the 13th,Friday the 13th,4488,59754601.0,466198282.0,12.817421965531825
Friday the 13th,Friday the 13th Part 2,9725,21722776.0,466198282.0,4.65955728253842
Friday the 13th,Friday the 13th Part III,9728,36690067.0,466198282.0,7.870056243579207
Friday the 13th,Friday the 13th: The Final Chapter,9730,32980880.0,466198282.0,7.07443190449166
Friday the 13th,Friday the 13th: A New Beginning,9731,21930418.0,466198282.0,4.704096700210491
Friday the 13th,Friday the 13th Part VI: Jason Lives,10225,19472057.0,466198282.0,4.176775795154045
Friday the 13th,Friday the 13th Part VII: The New Blood,10281,19170001.0,466198282.0,4.111984479599605
Friday the 13th,Friday the 13th Part VIII: Jason Takes Manhattan,10283,14000000.0,466198282.0,3.003014069451247
Friday the 13th,Jason X,11470,16951798.0,466198282.0,3.6361777068925365
Friday the 13th,Jason Goes to Hell: The Final Friday,10285,15938065.0,466198282.0,3.4187309596306066
Friday the 13th,Freddy vs. Jason,6466,114908830.0,466198282.0,24.64805951387011
Friday the 13th,Friday the 13th,13207,91379051.0,466198282.0,19.6008982718645
Madagascar,Madagascar,953,532680671.0,2270104142.0,23.465032336829243
Madagascar,Madagascar: Escape 2 Africa,10527,603900354.0,2270104142.0,26.602319375002487
Madagascar,Madagascar 3: Europe's Most Wanted,80321,746921274.0,2270104142.0,32.90251139500366
Madagascar,Penguins of Madagascar,270946,373552094.0,2270104142.0,16.455284455403632
National Lampoon,Vegas Vacation,11419,36400360.0,287550376.0,12.65877670074756
National Lampoon,National Lampoon's Christmas Vacation,5825,71320000.0,287550376.0,24.802610586744635
National Lampoon,National Lampoon??s European Vacation,11418,49364621.0,287550376.0,17.16729488818335
National Lampoon,National Lampoon's Vacation,11153,61399552.0,287550376.0,21.35262448761326
National Lampoon,National Lampoon??s Van Wilder,11452,38275483.0,287550376.0,13.310879134444253
National Lampoon,Van Wilder 2: The Rise of Taj,10032,6086508.0,287550376.0,2.1166753751697405
National Lampoon,Vacation,296099,104384188.0,287550376.0,36.30118292733514
Karate Kid,The Next Karate Kid,11231,15826984.0,612338981.0,2.584676868709751
Karate Kid,The Karate Kid,1885,90815558.0,612338981.0,14.830928753170461
Karate Kid,"The Karate Kid, Part II",8856,115103979.0,612338981.0,18.797427988664992
Karate Kid,"The Karate Kid, Part III",10495,38956288.0,612338981.0,6.361882749385181
Halloween,Halloween: The Curse of Michael Myers,10987,15116634.0,618690596.0,2.443326938817735
Halloween,Halloween,948,70000000.0,618690596.0,11.314217551158642
Halloween,Halloween II,11281,25533818.0,618690596.0,4.1270738823384345
Halloween,Halloween III: Season of the Witch,10676,14400000.0,618690596.0,2.3274961819526347
Halloween,Halloween 4: The Return of Michael Myers,11357,17768757.0,618690596.0,2.8719940330238996
Halloween,Halloween 5: The Revenge of Michael Myers,11361,11642254.0,618690596.0,1.881757064883527
Halloween,Halloween: H20,11675,55041738.0,618690596.0,8.896488544655364
Halloween,Halloween: Resurrection,11442,37664855.0,618690596.0,6.087833764326361
Halloween,Halloween,2082,80253908.0,618690596.0,12.971573920609583
Halloween,Halloween II,24150,39421467.0,618690596.0,6.371757911768874
The Sting,The Sting,9277,159616327.0,165963399.0,96.17561942076156
The Sting,The Sting II,36912,6347072.0,165963399.0,3.8243805792384378
Rush Hour,Rush Hour,2109,244386864.0,849311714.0,28.77469602403247
Rush Hour,Rush Hour 2,5175,347325802.0,849311714.0,40.8949736916027
Rush Hour,Rush Hour 3,5174,258022233.0,849311714.0,30.380157102130823
Austin Powers,Austin Powers: International Man of Mystery,816,67683989.0,676406139.0,10.006412582248903
Austin Powers,Austin Powers: The Spy Who Shagged Me,817,310940086.0,676406139.0,45.969435827370575
Austin Powers,Austin Powers in Goldmember,818,296655431.0,676406139.0,43.85758997376575
Alvin and the Chipmunks,Alvin and the Chipmunks,6477,361366633.0,1404694725.0,25.725634657024855
Alvin and the Chipmunks,Alvin and the Chipmunks: The Squeakquel,23398,443140005.0,1404694725.0,31.547068349672912
Alvin and the Chipmunks,Alvin and the Chipmunks: Chipwrecked,55301,342695435.0,1404694725.0,24.396434962051984
Alvin and the Chipmunks,Alvin and the Chipmunks: The Road Chip,258509,233755553.0,1404694725.0,16.64102162838264
Guardians of the Galaxy,Guardians of the Galaxy,118340,773328629.0,1641885213.0,47.10004224881219
Guardians of the Galaxy,Guardians of the Galaxy Vol. 2,283995,863416141.0,1641885213.0,52.58687599862074
Smokey and the Bandit,Smokey and the Bandit II,12705,66132626.0,199870054.0,33.08781114353429
Smokey and the Bandit,Smokey and the Bandit,11006,126737428.0,199870054.0,63.40991332298335
Smokey and the Bandit,Smokey and the Bandit Part 3,15120,5678950.0,199870054.0,2.841321091552815
Thor,Thor,10195,449326618.0,1947887423.0,23.067381240543078
Thor,Thor: The Dark World,76338,644571402.0,1947887423.0,33.09079335844143
Hangover,The Hangover,18785,459270619.0,1414228463.0,32.47499474206241
Hangover,The Hangover Part II,45243,254455986.0,1414228463.0,17.992565745722796
Hangover,The Hangover Part III,109439,362000072.0,1414228463.0,25.59700087156286
Saturday Night Fever,Saturday Night Fever,11009,237113184.0,408441474.0,58.05316038987755
Saturday Night Fever,Staying Alive,10805,64892670.0,408441474.0,15.887874795006738
Hannibal Lecter,The Silence of the Lambs,274,272742922.0,921486656.0,29.59814124535733
Hannibal Lecter,Hannibal,9740,351692268.0,921486656.0,38.16574724224764
Hannibal Lecter,Manhunter,11454,8620929.0,921486656.0,0.9355457231927621
Hannibal Lecter,Red Dragon,9533,209196298.0,921486656.0,22.70204312106718
Hannibal Lecter,Hannibal Rising,1248,82169884.0,921486656.0,8.917099717611103
"Monsters, Inc.","Monsters, Inc.",585,562816256.0,1303346048.0,43.182411675214595
"Monsters, Inc.",Monsters University,62211,743559607.0,1303346048.0,57.0500526810206
Rambo,Rambo: First Blood Part II,1369,300400432.0,817962398.0,36.72545739688146
Rambo,First Blood,1368,125212904.0,817962398.0,15.307904655049926
Rambo,Rambo III,1370,189015611.0,817962398.0,23.108105147884807
Rambo,Rambo,7555,113244290.0,817962398.0,13.844681647578621
Herbie,Herbie Fully Loaded,11451,66002004.0,271452588.0,24.314376402261452
Independence Day,Independence Day,602,816969268.0,1201570302.0,67.99179928466641
Independence Day,Independence Day: Resurgence,47933,389681935.0,1201570302.0,32.431055790192126
Cars,Cars,920,461983149.0,1405347998.0,32.87322070102668
Cars,Cars 2,49013,559852396.0,1405347998.0,39.8372785101445
Cars,Cars 3,260514,350170057.0,1405347998.0,24.916964161071796
Chronicles of Narnia,"The Chronicles of Narnia: The Lion, the Witch and the Wardrobe",411,748806957.0,1556067810.0,48.121743293436545
Chronicles of Narnia,The Chronicles of Narnia: Prince Caspian,2454,419651413.0,1556067810.0,26.968709866185076
Chronicles of Narnia,The Chronicles of Narnia: The Voyage of the Dawn Treader,10140,415686217.0,1556067810.0,26.713888323414388
Godfather,The Godfather,238,245066411.0,392320529.0,62.465864741939114
Godfather,The Godfather: Part II,240,47542841.0,392320529.0,12.118366867312211
Godfather,The Godfather: Part III,242,136766062.0,392320529.0,34.86079669310397
Scary Movie,Scary Movie,4247,278019771.0,830913702.0,33.45952417571277
Scary Movie,Scary Movie 2,4248,141220678.0,830913702.0,16.99582973058254
Scary Movie,Scary Movie 3,4256,220673217.0,830913702.0,26.557898427820128
Scary Movie,Scary Movie 4,4257,178262620.0,830913702.0,21.45380676367761
Scary Movie,Scary Movie 5,4258,78378744.0,830913702.0,9.43283806866384
Crocodile Dundee,Crocodile Dundee,9671,328203506.0,607202827.0,54.05170914989827
Crocodile Dundee,Crocodile Dundee II,9396,239606210.0,607202827.0,39.46065455324371
Crocodile Dundee,Crocodile Dundee in Los Angeles,9290,39438674.0,607202827.0,6.495140049800856
Deadpool,Deadpool,293660,783112979.0,1571706150.0,49.82566104993608
The Conjuring,The Conjuring,138843,318000141.0,1905364983.0,16.689723167857757
The Conjuring,The Conjuring 2,259693,320170008.0,1905364983.0,16.803605128498365
Nightmare on Elm Street,New Nightmare,11596,18090181.0,448268230.0,4.035570622526607
Nightmare on Elm Street,A Nightmare on Elm Street,377,25504513.0,448268230.0,5.689565151650386
Nightmare on Elm Street,A Nightmare on Elm Street Part 2: Freddy's Revenge,10014,29999213.0,448268230.0,6.6922460688324925
Nightmare on Elm Street,A Nightmare on Elm Street 3: Dream Warriors,10072,44793222.0,448268230.0,9.992504264689915
Nightmare on Elm Street,A Nightmare on Elm Street 4: The Dream Master,10131,72500000.0,448268230.0,16.17335228062002
Nightmare on Elm Street,A Nightmare on Elm Street 5: The Dream Child,10160,22168359.0,448268230.0,4.945333511589702
Nightmare on Elm Street,Freddy's Dead: The Final Nightmare,11284,34872033.0,448268230.0,7.779278268281471
Nightmare on Elm Street,A Nightmare on Elm Street,23437,115664037.0,448268230.0,25.802416780685082
Grease,Grease,621,181813770.0,401807262.0,45.24900050213627
Grease,Grease 2,9037,15171476.0,401807262.0,3.7758093082946815
Fantasia,Fantasia,756,83320000.0,152938634.0,54.47936719508035
Fantasia,Fantasia 2000,49948,90874570.0,152938634.0,59.41897584883621
Night at the Museum,Night at the Museum,1593,574480841.0,1335434091.0,43.018284831250426
Night at the Museum,Night at the Museum: Battle of the Smithsonian,18360,413106170.0,1335434091.0,30.934223769190865
Night at the Museum,Night at the Museum: Secret of the Tomb,181533,349424282.0,1335434091.0,26.16559546853743
Santa Clause,The Santa Clause,11395,189833357.0,470125976.0,40.37925294304521
Santa Clause,The Santa Clause 2,9021,172855065.0,470125976.0,36.7678183772598
Santa Clause,The Santa Clause 3: The Escape Clause,13767,84500122.0,470125976.0,17.97393173611832
American Pie,American Pie,2105,235483004.0,884447474.0,26.624871563599488
American Pie,American Pie 2,2770,287553595.0,884447474.0,32.512229776575744
American Pie,American Wedding,8273,231449203.0,884447474.0,26.16879009821221
American Pie,American Reunion,71552,234989584.0,884447474.0,26.5690830612288
Lego,The Lego Movie,137106,469160692.0,1091612973.0,42.97866584625135
Lego,The Lego Batman Movie,324849,311950384.0,1091612973.0,28.57701325614422
Godzilla,Godzilla 1985,39256,4100000.0,1376960447.0,0.2977572819126881
Godzilla,Gojira ni-sen mireniamu,10643,10037390.0,1376960447.0,0.728952674121365
American Graffiti,American Graffiti,838,140000000.0,148100000.0,94.53072248480755
American Graffiti,More American Graffiti,33258,15014674.0,148100000.0,10.138199864956112
Kung Fu Panda,Kung Fu Panda,9502,631744560.0,1817918903.0,34.750975907532
Kung Fu Panda,Kung Fu Panda 2,49444,665692281.0,1817918903.0,36.61837059405944
Kung Fu Panda,Kung Fu Panda 3,140300,521170825.0,1817918903.0,28.668540942059835
How to Train Your Dragon,How to Train Your Dragon,10191,494878759.0,1631646400.0,30.330024875487727
How to Train Your Dragon,How to Train Your Dragon 2,82702,609123048.0,1631646400.0,37.331804734162986
Police Academy,Police Academy,9336,146198896.0,239379689.0,61.074060464670424
Police Academy,Police Academy 2: Their First Assignment,10157,55600000.0,239379689.0,23.226699070529747
Police Academy,Police Academy 3: Back in Training,12118,43579163.0,239379689.0,18.205037855154035
Police Academy,Police Academy 4: Citizens on Patrol,10587,28061343.0,239379689.0,11.722524629063246
Police Academy,Police Academy 5: Assignment Miami Beach,11825,19510371.0,239379689.0,8.150386977902707
Police Academy,Police Academy 6: City Under Siege,11895,11567217.0,239379689.0,4.832163099685538
Police Academy,Police Academy: Mission to Moscow,11546,126247.0,239379689.0,0.052739228013618154
Scream,Screamers,9102,5781885.0,603237630.0,0.9584755181801241
Scream,Scream,4232,173046663.0,603237630.0,28.686317695399737
Scream,Scream 2,4233,172363301.0,603237630.0,28.573035306169476
Scream,Scream 3,4234,161834276.0,603237630.0,26.82761617507184
Scream,Scream 4,41446,97138686.0,603237630.0,16.10288900578036
National Lampoon's Vacation,Vegas Vacation,11419,36400360.0,320896511.0,11.343333053565049
National Lampoon's Vacation,National Lampoon's Christmas Vacation,5825,71320000.0,320896511.0,22.225233854287683
National Lampoon's Vacation,National Lampoon??s European Vacation,11418,49364621.0,320896511.0,15.383346128060582
National Lampoon's Vacation,National Lampoon's Vacation,11153,61399552.0,320896511.0,19.13375493197556
National Lampoon's Vacation,Vacation,296099,104384188.0,320896511.0,32.52892581309493
Saw,Saw,176,103911669.0,982362408.0,10.577732632456351
Saw,Saw II,215,152925093.0,982362408.0,15.567075017797302
Saw,Saw III,214,163876815.0,982362408.0,16.681910226353043
Saw,Saw IV,663,139352633.0,982362408.0,14.185460667586947
Saw,Saw V,11917,113857533.0,982362408.0,11.590176097210755
Saw,Saw VI,22804,68233629.0,982362408.0,6.945871344865225
Saw,Saw 3D,41439,136150434.0,982362408.0,13.859491455621741
Wolverine,X-Men Origins: Wolverine,2080,373062864.0,1405511044.0,26.542862512007414
Wolverine,The Wolverine,76170,415440673.0,1405511044.0,29.557979979842834
Wolverine,Logan,263115,616801808.0,1405511044.0,43.88452233321619
Bad Boys,Bad Boys,9737,141407024.0,832855737.0,16.978573565376067
Bad Boys,Bad Boys II,8961,273339556.0,832855737.0,32.819556119597216
Psycho,Psycho,539,32000000.0,78481606.0,40.773885284661475
Psycho,Psycho II,10576,34725000.0,78481606.0,44.24603645343343
Psycho,Psycho III,12662,14481606.0,78481606.0,18.452229430677043
Psycho,American Psycho,1359,34266564.0,78481606.0,43.661904676109714
The Secret Life of Pets,The Secret Life of Pets,328111,875457937.0,1321045927.0,66.2700606471799
Cheech & Chong,Up in Smoke,11455,41590893.0,160716246.0,25.87846221843683
Cheech & Chong,Things Are Tough All Over,20197,21134374.0,160716246.0,13.150116759198072
Cheech & Chong,Cheech & Chong's Next Movie,13612,41675194.0,160716246.0,25.930915534201816
Cheech & Chong,Still Smokin,12695,15543000.0,160716246.0,9.67108203858868
It,American Pie,2105,235483004.0,1172017106.0,20.09211322893439
It,Batman: Mask of the Phantasm,14919,5617391.0,1172017106.0,0.47929257783375734
It,Final Destination,9532,53302314.0,1172017106.0,4.547912630892949
It,Bring It On,1588,90449929.0,1172017106.0,7.717458093141517
It,Legally Blonde,8835,141774679.0,1172017106.0,12.096639057075333
It,American Pie 2,2770,287553595.0,1172017106.0,24.534931574624988
It,Final Destination 2,9358,90426405.0,1172017106.0,7.715450955201332
It,"Legally Blonde 2: Red, White & Blonde",10327,124914842.0,1172017106.0,10.658107408203648
It,American Wedding,8273,231449203.0,1172017106.0,19.747937279679945
It,Night of the Demons,24924,3109904.0,1172017106.0,0.2653462977698211
It,Final Destination 3,9286,117719158.0,1172017106.0,10.044150157651368
It,Ultimate Avengers,14609,6700000.0,1172017106.0,0.5716640111906354
It,Space Chimps,11802,63800345.0,1172017106.0,5.443635990753193
It,The Final Destination,19912,186167139.0,1172017106.0,15.884336333227548
It,Final Destination 5,55779,157887643.0,1172017106.0,13.471445270867916
It,American Reunion,71552,234989584.0,1172017106.0,20.050013160814736
It,Wreck-It Ralph,82690,471222889.0,1172017106.0,40.206144312026794
It,Ultimate Avengers 2,14611,7900000.0,1172017106.0,0.6740515952844804
National Treasure,National Treasure,2059,347451894.0,788649214.0,44.056582804126144
National Treasure,National Treasure: Book of Secrets,6637,457363168.0,788649214.0,57.9932319567366
Spy Kids,Spy Kids,10054,147934180.0,565946536.0,26.13925001565872
Spy Kids,Spy Kids 2: The Island of Lost Dreams,9488,119723358.0,565946536.0,21.15453499303687
Spy Kids,Spy Kids 3-D: Game Over,12279,197011982.0,565946536.0,34.811058901860655
Spy Kids,Spy Kids: All the Time in the World,56288,85564310.0,565946536.0,15.118797369933898
Hotel Transylvania,Hotel Transylvania,76492,358375603.0,1375099732.0,26.061789894960143
Hotel Transylvania,Hotel Transylvania 2,159824,473226958.0,1375099732.0,34.41400990688289
Fugitive,The Fugitive,5503,368875760.0,411548920.0,89.63108444070271
Fugitive,U.S. Marshals,11808,102367405.0,411548920.0,24.87369059308915
Gremlins,Gremlins,927,153083102.0,189888959.0,80.61716847897408
Gremlins,Gremlins 2: The New Batch,928,41482207.0,189888959.0,21.84550761584827
Porky's,Porky's,10246,125728258.0,163769750.0,76.77135612651298
Porky's,Porky's II: The Next Day,19698,33759266.0,163769750.0,20.613859397110883
Porky's,Porky's Revenge,23919,20518905.0,163769750.0,12.529117862120446
Predator,Predator,106,98235548.0,741185941.0,13.253833156557404
Predator,Predator 2,169,57120318.0,741185941.0,7.706611099899424
Predator,Predators,34851,126248813.0,741185941.0,17.033352363600756
Naked Gun,The Naked Gun 33??: The Final Insult,36593,51132598.0,216014096.0,23.670954325128857
Naked Gun,The Naked Gun: From the Files of Police Squad!,37136,78756177.0,216014096.0,36.458813780374776
Naked Gun,The Naked Gun 2?«: The Smell of Fear,37137,86930411.0,216014096.0,40.24293442405721
Nutty Professor,The Nutty Professor,9327,128769345.0,440121964.0,29.257650272595804
Nutty Professor,Nutty Professor II: The Klumps,12107,123307945.0,440121964.0,28.016766961441625
Alice in Wonderland,Alice in Wonderland,12155,1025491110.0,1302419222.0,78.73740595023251
Alice in Wonderland,Alice Through the Looking Glass,241259,299370084.0,1302419222.0,22.98569300446028
Paranormal Activity,Paranormal Activity,23827,193355800.0,890417130.0,21.715193192655672
Paranormal Activity,Paranormal Activity 2,41436,177512032.0,890417130.0,19.935828503209503
Paranormal Activity,Paranormal Activity 3,72571,205703818.0,890417130.0,23.101960987655303
Paranormal Activity,Paranormal Activity 4,82990,142817992.0,890417130.0,16.03944793829382
Paranormal Activity,Paranormal Activity: The Marked Ones,227348,86362372.0,890417130.0,9.699091480865828
Paranormal Activity,Paranormal Activity: The Ghost Dimension,146301,78096553.0,890417130.0,8.770782857692776
Sherlock Holmes,Sherlock Holmes,10528,524028679.0,1034101655.0,50.67477423193951
Sherlock Holmes,Sherlock Holmes: A Game of Shadows,58574,334615000.0,1034101655.0,32.3580373730279
Amityville,Amityville 3-D,27214,6333135.0,220971236.0,2.8660449724777752
Amityville,Amityville II: The Possession,16235,12534817.0,220971236.0,5.672601206792363
Amityville,The Amityville Horror,11449,86432000.0,220971236.0,39.114593177186194
Amityville,The Amityville Horror,10065,108047131.0,220971236.0,48.89646858833699
Fantastic Four,Fantastic Four,9738,330579719.0,790462628.0,41.821043435844764
Fantastic Four,4: Rise of the Silver Surfer,1979,289047763.0,790462628.0,36.56691066234696
Jackass,Jackass: The Movie,9012,64282312.0,497149836.0,12.930168602127429
Jackass,Jackass Number Two,12094,72778712.0,497149836.0,14.639190588006148
Jackass,Jackass 3D,16290,117224271.0,497149836.0,23.579263737301122
Jackass,Jackass Presents: Bad Grandpa,208134,151831537.0,497149836.0,30.540397684049523
My Big Fat Greek Wedding,My Big Fat Greek Wedding,8346,368744044.0,466986592.0,78.96244781263442
My Big Fat Greek Wedding,My Big Fat Greek Wedding 2,302688,88923251.0,466986592.0,19.041928081738156
Look Who's Talking,Look Who's Talking,9494,296000000.0,353886572.0,83.64261981661176
Sister Act,Sister Act,2005,231605150.0,288919029.0,80.16264999976862
Sister Act,Sister Act 2: Back in the Habit,6279,57319029.0,288919029.0,19.83913250656813
Taken,Taken,8681,226830568.0,932405413.0,24.327461513782524
Taken,Taken 2,82675,376141306.0,932405413.0,40.3409612123305
Taken,Taken 3,260346,325771424.0,932405413.0,34.938817327522315
Wonder Woman,Wonder Woman,297762,820580447.0,821133378.0,99.93266246205376
Wreck-It Ralph,Wreck-It Ralph,82690,471222889.0,1025802351.0,45.937006143593834
Ant-Man,Ant-Man,102899,519311965.0,1142003109.0,45.473778565693905
Dumb and Dumber,Dumb and Dumber,8467,247275374.0,429246448.0,57.60685386032595
Dumb and Dumber,Dumb and Dumberer: When Harry Met Lloyd,10152,39267515.0,429246448.0,9.148011633633834
Dumb and Dumber,Dumb and Dumber To,100042,169837010.0,429246448.0,39.566316923838585
300,Once Were Warriors,527,2201126.0,784941986.0,0.28041894041326004
300,300,1271,422610419.0,784941986.0,53.83970109097973
300,The Trip,63578,951179.0,784941986.0,0.12117825482200668
300,300: Rise of an Empire,53182,337580051.0,784941986.0,43.00700650761215
48 Hrs.,Another 48 Hrs.,11595,153518974.0,228683678.0,67.13158339179765
48 Hrs.,48 Hrs.,150,78868508.0,228683678.0,34.488035477547285
101 Dalmatians,101 Dalmatians,11674,320689294.0,371141559.0,86.40619360010825
101 Dalmatians,One Hundred and One Dalmatians,12230,215880014.0,371141559.0,58.16648897570643
101 Dalmatians,102 Dalmatians,10481,183611771.0,371141559.0,49.47216676427228
Ace Ventura,Ace Ventura: When Nature Calls,9273,212385533.0,319617396.0,66.44992908959185
Ace Ventura,Ace Ventura: Pet Detective,3049,107217396.0,319617396.0,33.54554456103509
Beauty and the Beast,Beauty and the Beast,10020,377350553.0,438707031.0,86.01424785462352
Charlie's Angels,Charlie's Angels,4327,264105545.0,560117832.0,47.15178305553393
Charlie's Angels,Charlie's Angels: Full Throttle,9471,259175788.0,560117832.0,46.27165449715588
Pitch Perfect,Pitch Perfect,114150,115350426.0,589406227.0,19.570615428872962
Pitch Perfect,Pitch Perfect 2,254470,287506194.0,589406227.0,48.77895428139072
Texas Chainsaw Massacre,The Texas Chain Saw Massacre,30497,30859000.0,246541552.0,12.516754173754856
Texas Chainsaw Massacre,The Texas Chainsaw Massacre 2,16337,8025872.0,246541552.0,3.255383092583111
Texas Chainsaw Massacre,Leatherface: Texas Chainsaw Massacre III,25018,5765562.0,246541552.0,2.3385761764004793
Texas Chainsaw Massacre,Texas Chainsaw Massacre: The Next Generation,16780,185898.0,246541552.0,0.07540229973079751
Texas Chainsaw Massacre,Texas Chainsaw 3D,76617,47241945.0,246541552.0,19.161859174148464
Romancing the Stone,The Jewel of the Nile,10303,96773200.0,183354024.0,52.77942522821315
Romancing the Stone,Romancing the Stone,9326,86572238.0,183354024.0,47.21589202754558
Wayne's World,Wayne's World,8872,121697323.0,231062323.0,52.668613999868775
Wayne's World,Wayne's World 2,8873,47965000.0,231062323.0,20.75846870110451
Omen,The Omen,794,60922980.0,93048431.0,65.4744839276226
Omen,Damien: Omen II,10766,26518355.0,93048431.0,28.499518707628717
Omen,Omen III: The Final Conflict,10768,20471382.0,93048431.0,22.00078150699822
Speed,Speed,1637,350448145.0,433668000.0,80.81023847736056
Speed,Speed 2: Cruise Control,1639,164508066.0,433668000.0,37.934103046570186
Final Destination,Final Destination,9532,53302314.0,657627377.0,8.105245594117047
Final Destination,Final Destination 2,9358,90426405.0,657627377.0,13.750401543882198
Final Destination,Final Destination 3,9286,117719158.0,657627377.0,17.900586580962855
Final Destination,The Final Destination,19912,186167139.0,657627377.0,28.308909499672485
Final Destination,Final Destination 5,55779,157887643.0,657627377.0,24.008678549889506
City Slickers,City Slickers,1406,179033791.0,167474738.0,106.90196810458662
Mad Max,Mad Max,9659,100000000.0,530593920.0,18.846804727803892
Mad Max,Mad Max 2,8810,24600832.0,530593920.0,4.6364707684550925
Mad Max,Mad Max Beyond Thunderdome,9355,36230219.0,530593920.0,6.828238627385703
Mad Max,Mad Max: Fury Road,76341,378858340.0,530593920.0,71.40269153479935
Scooby-Doo,Scooby-Doo,9637,275650703.0,457151160.0,60.29749612797658
Scooby-Doo,Scooby-Doo 2: Monsters Unleashed,11024,181466833.0,457151160.0,39.695148755610724
Poltergeist,Poltergeist,609,122200000.0,176816684.0,69.11112528272501
Poltergeist,Poltergeist II: The Other Side,11133,40996665.0,176816684.0,23.18597095735604
Poltergeist,Poltergeist III,10306,14144000.0,176816684.0,7.999245139106896
Airplane,Airplane!,813,83453539.0,108463033.0,76.94191900386927
Airplane,Airplane II: The Sequel,2665,27150534.0,108463033.0,25.03206230642656
Father of the Bride,Father of the Bride Part II,11862,76578911.0,165904691.0,46.158375955746784
Father of the Bride,Father of the Bride,11846,89325780.0,165904691.0,53.84162404425321
Flintstones,The Flintstones,888,341631208.0,417931365.0,81.74337621202467
Flintstones,The Flintstones in Viva Rock Vegas,889,59468275.0,417931365.0,14.22919646148118
Resident Evil,Resident Evil,1576,102984862.0,1229450247.0,8.376496914071547
Resident Evil,Resident Evil: Apocalypse,1577,129394835.0,1229450247.0,10.52460929718289
Resident Evil,Resident Evil: Extinction,7737,148412065.0,1229450247.0,12.071416908666496
Resident Evil,Resident Evil: Afterlife,35791,300228084.0,1229450247.0,24.419701792129537
Resident Evil,Resident Evil: Retribution,71679,240159255.0,1229450247.0,19.533873419116894
Resident Evil,Resident Evil: The Final Chapter,173897,312242626.0,1229450247.0,25.396930600641056
Man of Steel,Man of Steel,49521,662845518.0,873634919.0,75.87214104934374
Man of Steel,Batman v Superman: Dawn of Justice,209112,873260194.0,873634919.0,99.95710736923968
Addams Family,Addams Family Values,2758,48919043.0,237796101.0,20.571844026996892
Addams Family,The Addams Family,2907,191502426.0,237796101.0,80.53219762421588
Stuart Little,Stuart Little,10137,300135367.0,464815224.0,64.57089860722806
Stuart Little,Stuart Little 2,10996,169956806.0,464815224.0,36.56438025790653
Odd Couple,The Odd Couple,11356,44527234.0,63439562.0,70.18843225935261
Blade,Blade Runner,78,33139618.0,416929454.0,7.948495286687038
Blade,Blade,36647,131183530.0,416929454.0,31.464203054361327
Blade,Blade II,36586,155010032.0,416929454.0,37.178959297032534
Blade,Blade: Trinity,36648,128905366.0,416929454.0,30.917788312456334
Big Momma's House,Big Momma's House,9600,173959438.0,392939264.0,44.271329932556704
Big Momma's House,Big Momma's House 2,11565,138259062.0,392939264.0,35.1858606830393
Big Momma's House,"Big Mommas: Like Father, Like Son",38322,83615414.0,392939264.0,21.279475394955693
Ring,The Lord of the Rings,123,30471420.0,493077496.0,6.179843989473006
Ring,The Lord of the Rings: The Fellowship of the Ring,120,871368364.0,493077496.0,176.7203677046336
Ring,The Ring,565,249348933.0,493077496.0,50.56992765291402
Ring,The Lord of the Rings: The Two Towers,121,926287400.0,493077496.0,187.85838078483306
Ring,?¦????ø,2671,8690429.0,493077496.0,1.7624874528850938
Ring,?¦????ø 2,9669,18686644.0,493077496.0,3.7897985918221666
Ring,The Lord of the Rings: The Return of the King,122,1118888979.0,493077496.0,226.91949806608088
Ring,The Ring Two,10320,161451538.0,493077496.0,32.74364360769773
Ring,Rings,14564,83080890.0,493077496.0,16.849458893171633
Ted,Bill & Ted's Excellent Adventure,1648,40485039.0,773230770.0,5.235828755236939
Ted,Ted,72105,549368315.0,773230770.0,71.04842904790247
Ted,Ted 2,214756,217022588.0,773230770.0,28.06698807394848
Grown Ups,Grown Ups,38365,271430189.0,519247238.0,52.273785806829856
Grown Ups,Grown Ups 2,109418,246984278.0,519247238.0,47.56583375413159
Cheaper by the Dozen,Cheaper by the Dozen,11007,190212113.0,325227443.0,58.485874145620606
Cheaper by the Dozen,Cheaper by the Dozen 2,9641,129181830.0,325227443.0,39.72045803035139
Underworld,Underworld,277,95708457.0,539817686.0,17.729774233443695
Underworld,Underworld: Evolution,834,111340801.0,539817686.0,20.62563044664676
Underworld,Underworld: Rise of the Lycans,12437,91353501.0,539817686.0,16.92302852782041
Underworld,Underworld: Awakening,52520,160112671.0,539817686.0,29.660508566590387
Underworld,Underworld: Blood Wars,346672,81093313.0,539817686.0,15.022352009415268
G.I. Joe,G.I. Joe: The Rise of Cobra,14869,302469017.0,678209722.0,44.598154109032365
G.I. Joe,G.I. Joe: Retaliation,72559,371876278.0,678209722.0,54.83204765973555
"Oh, God!","Oh, God!",24032,41687243.0,87103473.0,47.859449875207616
Princess Diaries,The Princess Diaries,9880,165335153.0,287406209.0,57.52664619712513
Princess Diaries,The Princess Diaries 2: Royal Engagement,11130,95149435.0,287406209.0,33.10625589163942
John Wick,John Wick,245891,88761661.0,573290843.0,15.482832507059596
John Wick,John Wick: Chapter 2,324552,171539887.0,573290843.0,29.921965280718776
Rio,Rio,46195,484635760.0,980366100.0,49.43416138114119
Rio,Rio 2,172385,500188435.0,980366100.0,51.02057639487943
xXx,xXx,7451,277448382.0,683307291.0,40.6037496825129
xXx,xXx: State of the Union,11679,71073932.0,683307291.0,10.401459626749395
xXx,xXx: Return of Xander Cage,47971,346147658.0,683307291.0,50.65768543072666
The Purge,The Purge,158015,89328627.0,458370786.0,19.488289770718502
The Purge,The Purge: Anarchy,238636,108782847.0,458370786.0,23.732500046370756
The Purge,The Purge: Election Year,316727,118587880.0,458370786.0,25.87160517686221
Sex and the City,Sex and the City,4564,415252786.0,709928036.0,58.49223652860499
Sex and the City,Sex and the City 2,37786,288347692.0,709928036.0,40.616467779559564
Mamma Mia,Mamma Mia!,11631,609841637.0,1010952888.0,60.32344773320436
Arthur,Arthur,13665,95461682.0,96145678.0,99.28858372604122
Arthur,Arthur 2: On the Rocks,26044,14681192.0,96145678.0,15.269736825819669
Arthur,Arthur et les Minimoys,9992,107944236.0,96145678.0,112.27154277283272
Legally Blonde,Legally Blonde,8835,141774679.0,267148323.0,53.0696496268105
Legally Blonde,"Legally Blonde 2: Red, White & Blonde",10327,124914842.0,267148323.0,46.758609822903516
Mask,The Mask,854,351583407.0,411538551.0,85.43146350340336
The Smurfs,The Smurfs,41513,563749323.0,1109875432.0,50.79392756573785
The Smurfs,The Smurfs 2,77931,347434178.0,1109875432.0,31.303889426034253
The Smurfs,Smurfs: The Lost Village,137116,197183546.0,1109875432.0,17.76627721587408
Under Siege,Under Siege 2: Dark Territory,3512,104324083.0,260887222.0,39.988191909222756
Under Siege,Under Siege,8845,156563139.0,260887222.0,60.01180809077725
Cloudy with a Chance of Meatballs,Cloudy with a Chance of Meatballs,22794,242988466.0,511220326.0,47.53106510870618
Cloudy with a Chance of Meatballs,Cloudy with a Chance of Meatballs 2,109451,248384621.0,511220326.0,48.58660901522918
Clash of the Titans,Clash of the Titans,18823,232713139.0,798484971.0,29.14433551686723
Clash of the Titans,Wrath of the Titans,57165,301000000.0,798484971.0,37.696388902979116
French Connection,The French Connection,1051,41158757.0,54856531.0,75.02982097063338
French Connection,French Connection II,10711,12484444.0,54856531.0,22.75835488029675
Child's Play,Child's Play,10585,44196684.0,217126407.0,20.355278112256517
Child's Play,Child's Play 2,11186,35763605.0,217126407.0,16.471329072377642
Child's Play,Child's Play 3,11187,20560255.0,217126407.0,9.469255851500366
Child's Play,Bride of Chucky,11932,50671850.0,217126407.0,23.337488378371223
Child's Play,Seed of Chucky,11249,24829644.0,217126407.0,11.435570800929801
Insidious,Insidious,49018,97009150.0,555057527.0,17.47731456310834
Insidious,Insidious: Chapter 3,280092,104303851.0,555057527.0,18.79153888133833
Annabelle,Annabelle,250546,255273813.0,790764898.0,32.28188474800003
Barbershop,Barbershop,10611,75781642.0,197310075.0,38.40738593809769
Barbershop,Barbershop 2:  Back in Business,21301,65070412.0,197310075.0,32.97875792708507
Barbershop,Barbershop: The Next Cut,326423,55030051.0,197310075.0,27.890137389081627
Step Up,Step Up,9762,114194847.0,668821858.0,17.07403034665772
Step Up,Step Up 2: The Streets,8328,150816700.0,668821858.0,22.549606923881367
Step Up,Step Up 3D,41233,159291809.0,668821858.0,23.816776783631973
Step Up,Step Up Revolution,85446,140470746.0,668821858.0,21.002714597285184
Step Up,Step Up All In,243683,86165646.0,668821858.0,12.883198264133288
Basic Instinct,Basic Instinct,402,352927224.0,388117162.0,90.9331662071671
Basic Instinct,Basic Instinct 2,3093,38629478.0,388117162.0,9.953045570296117
Anchorman,Anchorman: The Legend of Ron Burgundy,8699,90574188.0,261722488.0,34.606956663196634
Anchorman,Anchorman 2: The Legend Continues,109443,173649015.0,261722488.0,66.34852676473105
Cannonball Run,The Cannonball Run,11286,72179579.0,85598710.0,84.32320884275009
Cannonball Run,Cannonball Run II,11950,28078073.0,85598710.0,32.8019814784592
Cannonball Run,Speed Zone,12236,3077361.0,85598710.0,3.595102075720533
Shaft,Shaft,482,12121618.0,150671941.0,8.045040051617839
Shaft,Shaft,479,107196498.0,150671941.0,71.14562757242238
Shaft,Shaft in Africa,494,1458000.0,150671941.0,0.9676652403382789
Shaft,Shaft's Big Score!,493,10000000.0,150671941.0,6.636935804789294
The Maze Runner,The Maze Runner,198663,348319861.0,924764559.0,37.66578829282319
The Maze Runner,Maze Runner: The Scorch Trials,294254,311256926.0,924764559.0,33.65796439437295
Mighty Ducks,D3: The Mighty Ducks,10680,22955097.0,119292816.0,19.242648274813128
Mighty Ducks,D2: The Mighty Ducks,11164,45610410.0,119292816.0,38.23399558276837
Mighty Ducks,The Mighty Ducks,10414,50752337.0,119292816.0,42.54433645023519
The Expendables,The Expendables,27578,274470394.0,789708808.0,34.75589878440358
The Expendables,The Expendables 2,76163,312573423.0,789708808.0,39.58084547538692
The Expendables,The Expendables 3,138103,206172544.0,789708808.0,26.107413506270525
Zorro,The Mask of Zorro,9342,250288523.0,375175336.0,66.71241389919086
Zorro,The Legend of Zorro,1656,142400065.0,375175336.0,37.95560404322527
RoboCop,RoboCop 3,5550,10696210.0,109802064.0,9.74135604591185
RoboCop,RoboCop,5548,53000000.0,109802064.0,48.26867371090584
RoboCop,RoboCop 2,5549,45681173.0,109802064.0,41.603200646574365
RoboCop,RoboCop,97020,242688965.0,109802064.0,221.0240465060839
Fallen,Olympus Has Fallen,117263,161025640.0,501438465.0,32.11274188947591
Fallen,London Has Fallen,267860,205754447.0,501438465.0,41.0328407893479
Ride Along,Ride Along,168530,153997819.0,278561116.0,55.28331491894224
Ride Along,Ride Along 2,323675,124827316.0,278561116.0,44.81146464103052
Miss Congeniality,Miss Congeniality,1493,212000000.0,314803347.0,67.34362960886817
The Little Mermaid,The Little Mermaid,10144,222300000.0,222299758.0,100.00010886201684
Beethoven,Beethoven,11806,147214049.0,109616418.0,134.2992698411291
Beethoven,Beethoven's 2nd,10438,118243066.0,109616418.0,107.86985029924988
Free Willy,Free Willy,1634,153698625.0,187294914.0,82.06235915194152
Kingsman,Kingsman: The Secret Service,207703,414351546.0,813365420.0,50.94285247582815
Cocoon,Cocoon,10328,85313124.0,95182267.0,89.63132176711025
Cocoon,Cocoon: The Return,11285,25024919.0,95182267.0,26.291576980405395
Grudge,The Grudge,1970,183474602.0,307528219.0,59.661062193450284
Grudge,The Grudge 2,1975,39143839.0,307528219.0,12.72853565350372
Grudge,The Grudge 3,1977,38610009.0,307528219.0,12.554948331424507
Mulan,Mulan,10674,304320254.0,303500000.0,100.27026490939043
Hot Shots,Hot Shots! Part Deux,9255,133752825.0,309716011.0,43.18563466194197
Hot Shots,Hot Shots!,9595,181096164.0,309716011.0,58.471682950869464
Flint,The Flintstones,888,341631208.0,27000000.0,1265.3007703703704
Flint,The Flintstones in Viva Rock Vegas,889,59468275.0,27000000.0,220.25287037037037
World War Z,World War Z,72190,531865000.0,531514650.0,100.06591539856898
Neighbors,Neighbors,195589,268157400.0,379702049.0,70.62311112258443
Neighbors,Neighbors 2: Sorority Rising,325133,108758521.0,379702049.0,28.643121965349206
Blues Brothers,The Blues Brothers,525,115229890.0,71319088.0,161.56949455102398
Blues Brothers,Blues Brothers 2000,11568,14051384.0,71319088.0,19.702136404212013
I Know What You Did Last Summer,I Know What You Did Last Summer,3597,125586134.0,165270713.0,75.98813590161011
I Know What You Did Last Summer,I Still Know What You Did Last Summer,3600,40002112.0,165270713.0,24.203993117643293
Mortal Kombat,Mortal Kombat,9312,122195920.0,173460633.0,70.4459091879366
Mortal Kombat,Mortal Kombat: Annihilation,9823,51376861.0,173460633.0,29.618744098552895
Death Wish,Death Wish,13939,22000000.0,62808612.0,35.02704374361911
Death Wish,Death Wish 2,14373,45000000.0,62808612.0,71.6462258392209
Death Wish,Death Wish 3,24873,16945171.0,62808612.0,26.979056630004816
Death Wish,Death Wish 5: The Face of Death,34746,1702394.0,62808612.0,2.710446777585214
Conan,Conan the Barbarian,9387,79114085.0,168870218.0,46.8490453420271
Conan,Red Sonja,9626,6948633.0,168870218.0,4.1147770650713555
Conan,Conan the Destroyer,9610,100000000.0,168870218.0,59.217072841109264
Ghost Rider,Ghost Rider,1250,228738393.0,378762944.0,60.39091115523698
Ghost Rider,Ghost Rider: Spirit of Vengeance,71676,149217355.0,378762944.0,39.39597507194368
Diary of a Wimpy Kid,Diary of a Wimpy Kid,33217,75700498.0,263488777.0,28.73006541754907
Diary of a Wimpy Kid,Diary of a Wimpy Kid: Rodrick Rules,60307,72417394.0,263488777.0,27.484052575036245
Diary of a Wimpy Kid,Diary of a Wimpy Kid: Dog Days,82650,77112176.0,263488777.0,29.265829413296036
Diary of a Wimpy Kid,Diary of a Wimpy Kid: The Long Haul,417830,40120144.0,263488777.0,15.226509628529644
The Croods,The Croods,49519,585178928.0,573068425.0,102.11327347166265
"Crouching Tiger, Hidden Dragon",??????,146,213525736.0,251967653.0,84.74331266640802
The Hunchback of Notre Dame,The Hunchback of Notre Dame,10545,100138851.0,325500000.0,30.76462396313364
Friday,Friday,10634,28215918.0,121138920.0,23.292198741742126
Friday,Friday the 13th,4488,59754601.0,121138920.0,49.327335095937784
Friday,Friday the 13th Part 2,9725,21722776.0,121138920.0,17.932119586339386
Friday,Friday the 13th Part III,9728,36690067.0,121138920.0,30.287596257255718
Friday,Friday the 13th: The Final Chapter,9730,32980880.0,121138920.0,27.225667853073148
Friday,Friday the 13th: A New Beginning,9731,21930418.0,121138920.0,18.103527751444375
Friday,Friday the 13th Part VI: Jason Lives,10225,19472057.0,121138920.0,16.074154367564116
Friday,Friday the 13th Part VII: The New Blood,10281,19170001.0,121138920.0,15.824807584548385
Friday,Friday the 13th Part VIII: Jason Takes Manhattan,10283,14000000.0,121138920.0,11.556979375414606
Friday,Next Friday,10471,59827328.0,121138920.0,49.387371127297484
Friday,Jason X,11470,16951798.0,121138920.0,13.99368427587104
Friday,Jason Goes to Hell: The Final Friday,10285,15938065.0,121138920.0,13.156849177786958
Friday,Friday After Next,10426,33526835.0,121138920.0,27.67635290128061
Friday,Freddy vs. Jason,6466,114908830.0,121138920.0,94.85706988307308
Friday,Friday the 13th,13207,91379051.0,121138920.0,75.43327198228282
Hellboy,Hellboy,1487,99318987.0,300998501.0,32.99650552080324
Hellboy,Hellboy II: The Golden Army,11253,160388063.0,300998501.0,53.28533612863408
Ernest,Ernest Goes to Camp,18935,23509382.0,92317836.0,25.465698741032018
Ernest,Ernest Saves Christmas,26386,28202109.0,92317836.0,30.548927728331932
Kill Bill,Kill Bill: Vol. 1,24,180949000.0,330005410.0,54.83213138839148
Kill Bill,Kill Bill: Vol. 2,393,152159461.0,330005410.0,46.10817168118547
Magic Mike,Magic Mike,77930,167221571.0,294210350.0,56.83741955373086
Magic Mike,Magic Mike XXL,264999,122513057.0,294210350.0,41.64131445409721
Now You See Me,Now You See Me,75656,117698894.0,671094207.0,17.53835642929339
Now You See Me,Now You See Me 2,291805,334901337.0,671094207.0,49.90377409113889
Bridget Jones,Bridget Jones's Diary,634,281929795.0,751244397.0,37.52837240794756
Bridget Jones,Bridget Jones: The Edge of Reason,9801,40203020.0,751244397.0,5.351523440380481
Bridget Jones,Bridget Jones's Baby,95610,211952420.0,751244397.0,28.213510922198598
Riddick,Pitch Black,2787,53187659.0,255158597.0,20.844940999577606
Riddick,The Chronicles of Riddick,2789,115772733.0,255158597.0,45.3728521637858
Riddick,Riddick,87421,98337295.0,255158597.0,38.53967538471769
Kindergarten Cop,Kindergarten Cop,951,201957688.0,202000000.0,99.97905346534654
Fletch,Fletch,9749,59612888.0,79966859.0,74.54699202328304
Fletch,Fletch Lives,14628,35150960.0,79966859.0,43.95690969930431
Horrible Bosses,Horrible Bosses,51540,117000000.0,318362958.0,36.75050663400357
Horrible Bosses,Horrible Bosses 2,227159,107670357.0,318362958.0,33.820001446273785
Young Guns,Young Guns,11967,44726644.0,88870054.0,50.32813865511998
X-Files,The X Files,846,189198313.0,257347215.0,73.51869457767398
X-Files,The X Files: I Want to Believe,8836,68369434.0,257347215.0,26.566999763335307
Blade Runner,Blade Runner,78,33139618.0,298700320.0,11.094604116928968
Major League,Major League: Back to the Minors,9771,3572443.0,83970444.0,4.25440527621838
Major League,Major League,9942,49797148.0,83970444.0,59.30318529695996
Major League,Major League II,11067,30626182.0,83970444.0,36.47257361173415
Shanghai Noon,Shanghai Noon,8584,56932305.0,159506670.0,35.69274250412224
Shanghai Noon,Shanghai Knights,6038,88323487.0,159506670.0,55.37291136477239
Percy Jackson,Percy Jackson & the Olympians: The Lightning Thief,32657,226497209.0,423910428.0,53.430440498623454
Percy Jackson,Percy Jackson: Sea of Monsters,76285,174578751.0,423910428.0,41.18293381544273
Think Like a Man,Think Like a Man,67660,96070507.0,183401697.0,52.38256165099715
Think Like a Man,Think Like a Man Too,184098,70181428.0,183401697.0,38.266509605960735
Anaconda,Anaconda,9360,136885767.0,207325300.0,66.02463230488512
Anaconda,Anacondas: The Hunt for the Blood Orchid,11237,70992898.0,207325300.0,34.24227433892535
Meatballs,Cloudy with a Chance of Meatballs,22794,242988466.0,50558200.0,480.61138648132254
Meatballs,Cloudy with a Chance of Meatballs 2,109451,248384621.0,50558200.0,491.2845413800334
Pacific Rim,Pacific Rim,68726,407602906.0,701933054.0,58.068629718639805
Bill & Ted,Bill & Ted's Excellent Adventure,1648,40485039.0,78022714.0,51.88878587330351
AVP,AVP: Alien vs. Predator,395,171183863.0,301428013.0,56.79096023500642
AVP,Aliens vs Predator: Requiem,440,41797066.0,301428013.0,13.866350902163827
Pet Sematary,Pet Sematary,8913,57469467.0,74561632.0,77.07646071910014
Pet Sematary,Pet Sematary II,10906,17092453.0,74561632.0,22.923925538539713
Babe,Babe,9598,254134910.0,315231860.0,80.61840893874115
Babe,Babe: Pig in the City,9447,69131860.0,315231860.0,21.930479996533343
Dirty Dancing,Dirty Dancing,88,213954274.0,228157094.0,93.77498207441229
Dirty Dancing,Dirty Dancing: Havana Nights,10677,27685016.0,228157094.0,12.134190313626627
Planes,Planes,151960,219788712.0,394459213.0,55.71899571781582
Planes,Planes: Fire & Rescue,218836,151165787.0,394459213.0,38.32228580753164
Power Rangers,Mighty Morphin Power Rangers: The Movie,9070,66000000.0,182149496.0,36.233973439048114
Power Rangers,Turbo: A Power Rangers Movie,6499,17979739.0,182149496.0,9.870869475257841
Black Stallion,The Black Stallion Returns,24883,9800000.0,47651322.0,20.566061105293155
Black Stallion,The Black Stallion,17264,37799643.0,47651322.0,79.32548649961905
RED,RED,39514,71664962.0,337947048.0,21.205973664844677
Revenge of the Nerds,Revenge of the Nerds II: Nerds in Paradise,16889,22642033.0,63516485.0,35.647490568786985
Species,Species,9348,113374103.0,140172014.0,80.88212458729458
Species,Species II,10216,19165560.0,140172014.0,13.672886229629261
Wall Street,Wall Street,10673,43848069.0,181279719.0,24.188072025861867
Wall Street,Wall Street: Money Never Sleeps,33909,134748021.0,181279719.0,74.33154781092749
Caddyshack,Caddyshack,11977,39846344.0,51648066.0,77.14973102768262
Homeward Bound,Homeward Bound II: Lost in San Francisco,25059,32709423.0,74542747.0,43.88008802519714
Transporter,The Transporter,4108,43928932.0,315536842.0,13.921966044142636
Transporter,Transporter 2,9335,85167639.0,315536842.0,26.991345435345394
Transporter,Transporter 3,13387,108979549.0,315536842.0,34.537820784807124
Transporter,The Transporter Refueled,287948,72629670.0,315536842.0,23.017809755476986
Jack Reacher,Jack Reacher,75780,218340595.0,377317225.0,57.8665856031354
Jack Reacher,Jack Reacher: Never Go Back,343611,162146076.0,377317225.0,42.97340944347293
Garfield,Garfield,8920,200804534.0,366998428.0,54.71536624674589
Garfield,Garfield: A Tail of Two Kitties,9513,141702264.0,366998428.0,38.61113650328769
Crow,The Crow,9495,94000000.0,68535746.0,137.1547046412831
Crow,The Crow: City of Angels,10546,17917287.0,68535746.0,26.14298091976704
Short Circuit,Short Circuit 2,11966,21630088.0,61579761.0,35.1253198270776
Short Circuit,Short Circuit,2605,40697761.0,61579761.0,66.08950788230568
The Fox and the Hound,The Fox and the Hound,10948,29800000.0,43899231.0,67.88273808258737
Carrie,Carrie,7340,33800000.0,43638397.0,77.45472410455407
Carrie,The Rage: Carrie 2,7341,17762705.0,43638397.0,40.704302222650384
Why Did I Get Married,Why Did I Get Married?,17202,55184721.0,116765245.0,47.26125569299324
Why Did I Get Married,Why Did I Get Married Too?,35688,60072596.0,116765245.0,51.44732578602477
Scorpion King,The Scorpion King,9334,165333180.0,165890634.0,99.6639629456115
House Party,House Party,16094,26386000.0,65018837.0,40.58208546547826
The Best Man,The Best Man,16162,34573780.0,107408490.0,32.18905693581578
The Best Man,The Best Man Holiday,146304,71625195.0,107408490.0,66.68485424196913
Fly,The Fly,11815,3000000.0,57026528.0,5.260709542057339
Fly,The Fly,9426,60629159.0,57026528.0,106.31746509273718
Fly,The Fly II,10344,38903179.0,57026528.0,68.21944166055489
Bean,Bean,1281,251212670.0,491555470.0,51.105660567666966
Bean,Mr. Bean's Holiday,1268,229736344.0,491555470.0,46.73660614538579
Dolphin Tale,Dolphin Tale,62837,95404397.0,153893257.0,61.99387735357372
Dolphin Tale,Dolphin Tale 2,227735,52424533.0,153893257.0,34.06551659375173
Mean Girls,Mean Girls,10625,129042871.0,130953026.0,98.54134336689555
Jingle All the Way,Jingle All the Way,9279,129832389.0,129832389.0,100.0
Sin City,Sin City,187,158733820.0,199178760.0,79.69415011921954
Sin City,Sin City: A Dame to Kill For,189,39407616.0,199178760.0,19.785049369721953
Beverly Hills Chihuahua,Beverly Hills Chihuahua,14405,149281606.0,154218168.0,96.79897507276833
Beverly Hills Chihuahua,Beverly Hills Chihuahua 2,54540,12000000.0,154218168.0,7.781184380299473
Open Season,Open Season,7484,197309027.0,212047685.0,93.04936623099658
Last Picture Show,The Last Picture Show,25188,29133000.0,22773266.0,127.92631500461988
Jeepers Creepers,Jeepers Creepers,8922,59217789.0,182497271.0,32.44858877917139
Jeepers Creepers,Jeepers Creepers 2,11351,63102666.0,182497271.0,34.57732033702575
Road Trip,Road Trip,9285,119754278.0,119739110.0,100.01266754028822
Bring It On,Bring It On,1588,90449929.0,90453550.0,99.99599684036724
Harold & Kumar,Harold & Kumar Go to White Castle,11282,23936908.0,99017018.0,24.17453937059587
Harold & Kumar,Harold & Kumar Escape from Guantanamo Bay,13335,43493123.0,99017018.0,43.92489682935109
Harold & Kumar,A Very Harold & Kumar Christmas,55465,35387212.0,99017018.0,35.73851517120017
High School Musical,High School Musical 2,13649,7000000.0,279277272.0,2.506469627789833
Sisterhood of the Traveling Pants,The Sisterhood of the Traveling Pants,9779,39053061.0,85830248.0,45.5003473833607
Sisterhood of the Traveling Pants,The Sisterhood of the Traveling Pants 2,10188,44352417.0,85830248.0,51.6745763102071
Urban Legend,Urban Legend,9877,72527595.0,111146226.0,65.25421295006454
Urban Legend,Urban Legends: Final Cut,12212,38574362.0,111146226.0,34.70595753741562
Bad Santa,Bad Santa,10147,76488889.0,100492144.0,76.11429705390702
Bad Santa,Bad Santa 2,338964,17782178.0,100492144.0,17.6950926631638
Starship Troopers,Starship Troopers,563,121214377.0,121100000.0,100.09444838976054
The Land Before Time,The Land Before Time,12144,84460846.0,81972846.0,103.03515142075219
Evil Dead,Evil Dead II,765,5923044.0,154607509.0,3.8310196175529874
Evil Dead,The Evil Dead,764,29400000.0,154607509.0,19.015893982225663
Hellraiser,Hellraiser: Bloodline,8766,16675000.0,48034060.0,34.71495018326579
Hellraiser,Hellraiser,9003,14564027.0,48034060.0,30.320208202263142
Hellraiser,Hellbound: Hellraiser II,9064,12090735.0,48034060.0,25.171170207140513
Hellraiser,Hellraiser III: Hell on Earth,11569,12534961.0,48034060.0,26.09598480744705
Agent Cody Banks,Agent Cody Banks,10923,58795814.0,86943541.0,67.62528110052477
Agent Cody Banks,Agent Cody Banks 2: Destination London,17047,28818995.0,86943541.0,33.146792353442336
Zoolander,Zoolander,9398,60780981.0,116129674.0,52.3388888528181
Zoolander,Zoolander 2,329833,55969000.0,116129674.0,48.195261445408
Missing in Action,Missing in Action,15379,22812411.0,39567858.0,57.65389422899769
Missing in Action,Missing in Action 2: The Beginning,12764,10755447.0,39567858.0,27.182282649720385
Missing in Action,Braddock: Missing in Action III,27352,6193901.0,39567858.0,15.65386986578854
Nanny McPhee,Nanny McPhee,11283,122489822.0,226545443.0,54.06854376673558
Nanny McPhee,Nanny McPhee and the Big Bang,35019,93246388.0,226545443.0,41.16012521161152
Universal Soldier,Universal Soldier: The Return,10366,10667893.0,48562507.0,21.967344066483225
Universal Soldier,Universal Soldier: Regeneration,28510,875386.0,48562507.0,1.8025963939629395
Universal Soldier,Universal Soldier: Day of Reckoning,122857,1402307.0,48562507.0,2.887633045798068
Weekend at Bernie's,Weekend at Bernie's,8491,30218387.0,42960278.0,70.34029668057549
F/X,F/X,9873,20603715.0,41679546.0,49.433635865419454
Mannequin,Mannequin,10019,42721196.0,41318609.0,103.39456490415735
Mannequin,Mannequin Two: On the Move,34376,3752426.0,41318609.0,9.081685203875086
Highlander,Highlander III: The Sorcerer,8011,36800000.0,53623898.0,68.62611889945039
Highlander,Highlander,8009,5900000.0,53623898.0,11.002557106161884
Highlander,Highlander: Endgame,12211,15843608.0,53623898.0,29.545796913159876
Highlander,Highlander II: The Quickening,8010,15556340.0,53623898.0,29.010088002181416
God's Not Dead,God's Not Dead,249660,29789000.0,94683139.0,31.46177906078927
God's Not Dead,God's Not Dead 2,347126,23507567.0,94683139.0,24.827616879072842
Creepshow,Creepshow,16281,21028755.0,34036244.0,61.78341828786984
Creepshow,Creepshow 2,16288,14000000.0,34036244.0,41.13262321189141
White Fang,White Fang,12227,34793160.0,43481490.0,80.01832503899935
Behind Enemy Lines,Behind Enemy Lines,8007,91753202.0,58855732.0,155.89509956311477
Ouija,Ouija,242512,103590271.0,185132498.0,55.9546660468007
Ouija,Ouija: Origin of Evil,335796,81705746.0,185132498.0,44.13365934272653
The Woman in Black,The Woman in Black,65086,127730736.0,173962590.0,73.42425518038102
The Woman in Black,The Woman in Black 2: Angel of Death,288158,26501323.0,173962590.0,15.23392069524833
Gods Must Be Crazy,The Gods Must Be Crazy,8393,60000000.0,43923227.0,136.60198509549403
Hostel,Hostel,1690,80578934.0,115847519.0,69.55602907646214
Hostel,Hostel: Part II,1691,35619521.0,115847519.0,30.746900155885083
Jarhead,Jarhead,25,96889998.0,96947540.0,99.94064625053922
Best Exotic Marigold Hotel,The Best Exotic Marigold Hotel,74534,136836156.0,225024086.0,60.809559737529604
Best Exotic Marigold Hotel,The Second Best Exotic Marigold Hotel,268238,85978266.0,225024086.0,38.208472492140245
Kick-Ass,Kick-Ass,23483,96188903.0,160661043.0,59.87070742469909
Kick-Ass,Kick-Ass 2,59859,60700000.0,160661043.0,37.78140541512606
Hills Have Eyes,The Hills Have Eyes,12262,25000000.0,107822351.0,23.18628722907368
Hills Have Eyes,The Hills Have Eyes,9792,69623713.0,107822351.0,64.57261630290365
Silent Hill,Silent Hill,588,97607453.0,150679899.0,64.7780185995479
Silent Hill,Silent Hill: Revelation 3D,61012,52302796.0,150679899.0,34.71119661422125
Without a Paddle,Without a Paddle,10762,69631118.0,65121280.0,106.92529078052519
Candyman,Candyman: Farewell to the Flesh,10824,13940383.0,39471013.0,35.31802692776089
Candyman,Candyman,9529,25792310.0,39471013.0,65.34494060236052
Sinister,Sinister,82507,77712439.0,141832032.0,54.79188156875592
Sinister,Sinister 2,283445,52882018.0,141832032.0,37.28496112923207
Butterfly Effect,The Butterfly Effect,1954,96060858.0,95638592.0,100.44152260208934
Care Bears,The Care Bears Adventure in Wonderland,33838,2608000.0,33474346.0,7.791040936244132
Street Fighter,Street Fighter,11667,99423521.0,112083287.0,88.70503681784422
Street Fighter,Street Fighter: The Legend of Chun-Li,15268,12764201.0,112083287.0,11.38813942885169
Hoodwinked,Hoodwinked!,10982,51053787.0,133196501.0,38.32967579230929
Hoodwinked,Hoodwinked Too! Hood VS. Evil,57089,13521829.0,133196501.0,10.151789948296013
Curious George,Curious George,9975,69834815.0,73992733.0,94.38064005555789
Stomp the Yard,Stomp the Yard,1931,75511123.0,75525718.0,99.98067545680267
White Noise,White Noise,11804,91196419.0,100337927.0,90.88927958417958
Elizabeth,Elizabeth,4518,82150642.0,157021508.0,52.31808243747093
Elizabeth,Elizabeth: The Golden Age,4517,74237563.0,157021508.0,47.27859510813003
Lawnmower Man,Lawnmower Man 2: Beyond Cyberspace,11525,2409225.0,34497118.0,6.983844273599899
Lawnmower Man,The Lawnmower Man,10163,32101000.0,34497118.0,93.05415020466347
Lost Boys,The Lost Boys,1547,32222567.0,32302907.0,99.75129173358917
Happy Feet,Happy Feet,9836,384335608.0,157956466.0,243.31742646103515
Happy Feet,Happy Feet Two,65759,150406466.0,157956466.0,95.22020200173382
House on Haunted Hill,House on Haunted Hill,11377,40846082.0,65090541.0,62.75271548288407
Hot Tub Time Machine,Hot Tub Time Machine,23048,64572262.0,78794394.0,81.95032504469798
Hot Tub Time Machine,Hot Tub Time Machine 2,243938,12314651.0,78794394.0,15.628841564540746
The Sandlot,The Sandlot,11528,32416586.0,32416586.0,100.0
Darkman,Darkman,9556,48878502.0,32942739.0,148.3741288178861
House,House II: The Second Story,37530,7800000.0,31683528.0,24.618470518813435
House,House on Haunted Hill,11377,40846082.0,31683528.0,128.91898275974822
House,Big Momma's House,9600,173959438.0,31683528.0,549.0532430605581
House,House Party,16094,26386000.0,31683528.0,83.27986706530915
House,Road House,10135,30050028.0,31683528.0,94.84432415481004
House,House of 1000 Corpses,2662,16829545.0,31683528.0,53.11764838814668
House,House of the Dead,11059,13818181.0,31683528.0,43.61313866309332
House,Big Momma's House 2,11565,138259062.0,31683528.0,436.37521048792297
House,"Big Mommas: Like Father, Like Son",38322,83615414.0,31683528.0,263.90815442017697
House,A Haunted House,139038,60141683.0,31683528.0,189.8200320368363
House,House III: The Horror Show,38084,1738897.0,31683528.0,5.488331349968349
Fright Night,Fright Night,11797,24922237.0,27272526.0,91.38221006737697
Fright Night,Fright Night Part 2,18086,2983784.0,27272526.0,10.940622075124248
Fright Night,Fright Night,58151,24922237.0,27272526.0,91.38221006737697
Air Bud,Air Bud,20737,23144499.0,39423158.0,58.707876725654494
Air Bud,Air Bud: Golden Receiver,21661,10224116.0,39423158.0,25.934289688309597
Haunting in Connecticut,The Haunting in Connecticut,18781,77527732.0,78758522.0,98.43726117663813
Boogeyman,Boogeyman,8968,67192859.0,67192859.0,100.0
The Last Exorcism,The Last Exorcism,38358,67738090.0,95614607.0,70.84491807825974
The Last Exorcism,The Last Exorcism Part II,146203,15179302.0,95614607.0,15.87550529805556
A Haunted House,A Haunted House,139038,60141683.0,81129419.0,74.13054813075884
The Thing,The Thing,1091,19629760.0,41355916.0,47.46542187579644
The Thing,The Thing,60935,28128670.0,41355916.0,68.0160729603958
Angel,Charlie's Angels,4327,264105545.0,23111351.0,1142.7525158524918
Angel,Charlie's Angels: Full Throttle,9471,259175788.0,23111351.0,1121.4220579316197
Angel,Cowgirls n' Angels,105528,120680.0,23111351.0,0.5221676569232149
Super Troopers,Super Troopers,39939,18492362.0,54757858.0,33.77115664385557
The Howling,The Howling,11298,17985893.0,18095008.0,99.39698838486282
Wild Things,Wild Things,617,67200000.0,55576699.0,120.91398231478267
Return of the Living Dead,Return of the Living Dead Part II,24929,9205924.0,23464804.0,39.2329038844731
Return of the Living Dead,The Return of the Living Dead,10925,14237000.0,23464804.0,60.67385007775902
Return of the Living Dead,Return of the Living Dead 3,28260,54207.0,23464804.0,0.2310140753785968
Lake Placid,Lake Placid,9825,56870414.0,31770413.0,179.00432707626433
Johnny English,Johnny English,9486,160583018.0,487186743.0,32.96128646915994
Johnny English,Johnny English Reborn,58233,160078586.0,487186743.0,32.857746705968964
Tales from the Crypt,Bordello of Blood,9431,5600000.0,26690431.0,20.981302250233426
Crank,Crank,1948,42931041.0,79397662.0,54.07091332235954
Crank,Crank: High Voltage,15092,34560577.0,79397662.0,43.528456795113186
Delta Force,The Delta Force,16113,17768900.0,23160543.0,76.72056738911519
Delta Force,Delta Force 2: The Colombian Connection,19086,6698361.0,23160543.0,28.921433318726596
Children of the Corn,Children of the Corn,10823,14000000.0,21553340.0,64.9551299241788
Children of the Corn,Children of the Corn II: The Final Sacrifice,25748,6980986.0,21553340.0,32.38934661634809
Dracula 2000,Dracula 2000,10577,33000337.0,33000377.0,99.99987878926353
Prom Night,Prom Night,36599,14796236.0,15707587.0,94.19802035793276
Prom Night,Hello Mary Lou: Prom Night II,39929,2683519.0,15707587.0,17.08422178403341
Prom Night,Prom Night,8617,14796236.0,15707587.0,94.19802035793276
The Art of War,The Art of War,11398,30199105.0,30199105.0,100.0
Mimic,Mimic,4961,25480490.0,25514166.0,99.86801057890742
Ninja,Teenage Mutant Ninja Turtles,1498,202000000.0,17936413.0,1126.2006511558359
Ninja,Teenage Mutant Ninja Turtles II: The Secret of the Ooze,1497,78000000.0,17936413.0,434.86955836710496
Ninja,Teenage Mutant Ninja Turtles III,1499,42000000.0,17936413.0,234.16053142844112
Ninja,American Ninja,12500,10499694.0,17936413.0,58.538426830381304
Ninja,Revenge of the Ninja,17386,13168027.0,17936413.0,73.41505238533479
Ninja,Teenage Mutant Ninja Turtles,98566,477200000.0,17936413.0,2660.509657086955
Ninja,Teenage Mutant Ninja Turtles: Out of the Shadows,308531,245623848.0,17936413.0,1369.4145423613963
Allan Quatermain,King Solomon's Mines,9838,238227.0,18809164.0,1.266547519071023
Max,Mad Max,9659,100000000.0,43730696.0,228.67232664213714
Max,Mad Max 2,8810,24600832.0,43730696.0,56.255294907723396
Max,Mad Max Beyond Thunderdome,9355,36230219.0,43730696.0,82.84848473484163
Max,Mad Max: Fury Road,76341,378858340.0,43730696.0,866.3441807557784
Max,Max,272878,43967255.0,43730696.0,100.54094496918138
Death Race,Death Race 2000,13282,8000000.0,72516819.0,11.0319235045321
Death Race,Death Race,10483,73762516.0,72516819.0,101.71780425172814
Honey,Honey I Blew Up the Kid,11158,58662452.0,71536388.0,82.00365386074566
Honey,"Honey, I Shrunk the Kids",9354,222724172.0,71536388.0,311.34388837188703
Honey,Honey,10028,62646763.0,71536388.0,87.57328228537342
Open Water,Open Water,83,54667954.0,57005415.0,95.89958076789723
Joe Dirt,Joe Dirt,10956,30987695.0,30987695.0,100.0
Sniper,Sniper,9545,18994653.0,18994653.0,100.0
Clerks,Clerks,2292,3151130.0,31236486.0,10.087978526137672
Clerks,Clerks II,2295,26888376.0,31236486.0,86.08002833609389
Quarantine,Quarantine,13812,40855419.0,41924774.0,97.44934820638508
Cirque du Soleil,Cirque du Soleil: Worlds Away,94352,34153101.0,55773929.0,61.23488449235843
Machete,Machete,23631,31327899.0,64643979.0,48.462207129916926
Machete,Machete Kills,106747,15008161.0,64643979.0,23.216641723121654
Van Wilder,National Lampoon??s Van Wilder,11452,38275483.0,43523216.0,87.94268098203037
Van Wilder,Van Wilder 2: The Rise of Taj,10032,6086508.0,43523216.0,13.984508865337524
American Ninja,American Ninja,12500,10499694.0,15759000.0,66.62665143727395
Dragon Ball Z,????????????¬?®Z ????,126963,50353002.0,220004898.0,22.88721862910525
Dragon Ball Z,????????????¬?®Z ???¯?????F??,303857,61768190.0,220004898.0,28.075824930043147
Critters,Critters,3980,13167232.0,16167232.0,81.44394785699866
Critters,Critters 2,10127,3813293.0,16167232.0,23.586554581514015
Space Chimps,Space Chimps,11802,63800345.0,72590156.0,87.89118045152019
Trainspotting,Trainspotting,627,16491080.0,113650233.0,14.510379402389786
Trainspotting,T2 Trainspotting,180863,41412709.0,113650233.0,36.43873655762765
Tremors,Tremors,9362,48572000.0,16667084.0,291.42470272544375
Kickboxer,Kickboxer,10222,14697005.0,15920982.0,92.31217647253166
Kickboxer,Kickboxer 2:  The Road Back,24993,1250712.0,15920982.0,7.855746586485683
Joy Ride,Joy Ride,10866,36642838.0,22204890.0,165.02147950293832
Beastmaster,The Beastmaster,16441,14056528.0,11524616.0,121.96959968123883
Beastmaster,Beastmaster 2: Through the Portal of Time,27549,869325.0,11524616.0,7.54320143942323
Omega Code,The Omega Code,29064,2400000.0,18726003.0,12.816402945145313
Cabin Fever,Cabin Fever,11547,30553394.0,30351664.0,100.66464230758486
Never Back Down,Never Back Down,8456,41627431.0,39319801.0,105.86887507390996
Center Stage,Center Stage,10560,17200925.0,21395182.0,80.39625463340298
Alpha and Omega,Alpha and Omega,12819,39300000.0,48958353.0,80.27230817997493
Pulse,Pulse,9682,29907685.0,30241435.0,98.89638173585348
Bloodsport,Bloodsport II,25087,684351.0,12490470.0,5.478985178299936
Bloodsport,Bloodsport,11690,11806119.0,12490470.0,94.52101482170006
The Marine,The Marine,8975,22165608.0,22165608.0,100.0
Dungeons & Dragons,Dungeons & Dragons,11849,15185241.0,34681787.0,43.78448261619276
Vacancy,Vacancy,10294,35300645.0,24363007.0,144.89445001596067
Leprechaun,Leprechaun,11811,8556940.0,10750531.0,79.59551021247229
Leprechaun,Leprechaun 2,18009,2260622.0,10750531.0,21.02800317491294
Wrong Turn,Wrong Turn,9902,28650575.0,28649556.0,100.00355677414336
Waiting,Waiting...,7553,18637690.0,18673274.0,99.80943888040201
Wolf Creek,Wolf Creek,9885,27762648.0,29170393.0,95.17406227608932
Wolf Creek,Wolf Creek 2,199534,9630444.0,29170393.0,33.014447217080686
Swan Princess,The Swan Princess,22586,9771658.0,10115138.0,96.60429744013379
Swan Princess,The Swan Princess: Escape from Castle Mountain,54113,273644.0,10115138.0,2.7052918111448405
Philadelphia Experiment,Philadelphia Experiment II,35610,2970.0,8105330.0,0.03664255496074805
Happily N'Ever After,Happily N'Ever After,5393,38085778.0,38711306.0,98.38412064940408
Smoke,Smokey and the Bandit II,12705,66132626.0,15128284.0,437.1455876952072
Smoke,Smokey and the Bandit,11006,126737428.0,15128284.0,837.7515123327934
Smoke,Smokey and the Bandit Part 3,15120,5678950.0,15128284.0,37.53862632404309
Undisputed,Undisputed,15070,12398628.0,12402560.0,99.96829686774343
Best of the Best,Best of the Best 2,32049,6500000.0,7744652.0,83.92888408672204
The Collector,The Collector,21407,114000000.0,19363930.0,588.7234667755977
The Collector,The Collection,134597,6842058.0,19363930.0,35.33403601438344
What the Bleep,What the #$*! Do We (K)now!?,8357,10000000.0,11077507.0,90.2730190105048
What the Bleep,What the Bleep! Down the Rabbit Hole,24654,138913.0,11077507.0,1.2540095889806253
Phantasm,Phantasm,9638,11988469.0,7282851.0,164.6123063618904
Phantasm,Phantasm II,15158,7282851.0,7282851.0,100.0
12 Rounds,12 Rounds,17134,17280326.0,17306648.0,99.84790815644948
Dhoom,Dhoom,17478,12000000.0,51639703.0,23.237933804537956
Dhoom,????? ?,44977,91000000.0,51639703.0,176.22099801774615
Dhoom,Dhoom 2,14194,46396427.0,51639703.0,89.84642494942312
Boondock Saints,The Boondock Saints,8374,30471.0,11041194.0,0.275975587422882
Boondock Saints,The Boondock Saints II: All Saints Day,22821,10629321.0,11041194.0,96.26966974767403
Trailer Park Boys,Trailer Park Boys: The Movie,9958,3833507.0,8944680.0,42.85795579048104
Atlas Shrugged,Atlas Shrugged Part I,56780,4627375.0,8940096.0,51.759790946316464
Atlas Shrugged,Atlas Shrugged Part III: Who is John Galt?,199933,846704.0,8940096.0,9.470860268167144
The Condemned,The Condemned,14636,8642858.0,7371706.0,117.24366110097175
Work and the Glory,The Work and the Glory,36046,3347647.0,6697771.0,49.9815087735905
Work and the Glory,The Work and the Glory II: American Zion,14631,2025032.0,6697771.0,30.234416793288393
Work and the Glory,The Work and the Glory III: A House Divided,32523,1325092.0,6697771.0,19.784074433121106
Ip Man,???,14756,21888598.0,441575053.0,4.9569371845832055
Ip Man,???2: ???®???,37472,36000000.0,441575053.0,8.152634474121887
Ip Man,???3,365222,156844753.0,441575053.0,35.51938723313701
The Trip,The Trip,63578,951179.0,11421886.0,8.3276877391352
Goal,Goal!: The Dream Begins,9763,27610873.0,31869940.0,86.6360997228109
"No Retreat, No Surrender","No Retreat, No Surrender",12721,4662137.0,2381199.0,195.78947412627
"No Retreat, No Surrender","No Retreat, No Surrender 2: Raging Thunder",42012,108154.0,2381199.0,4.541997539894817
State Property,State Property,25006,2106838.0,3791425.0,55.56849997032778
State Property,State Property 2,13409,1691706.0,3791425.0,44.619265843317486
Goon,Goon,74387,6483963.0,7134300.0,90.88436146503511
Asterix,Ast??rix & Ob??lix Mission Cl??op?tre,2899,111127553.0,195323996.0,56.89395838491856
Asterix,Ast??rix & Ob??lix contre C??sar,9564,1644060.0,195323996.0,0.8417091774018386
Asterix,Ast??rix aux Jeux Olympiques,2395,132900000.0,195323996.0,68.04079515145696
Tanu Weds Manu,Tanu Weds Manu,58333,252000.0,12169332.0,2.070779234225839
BloodRayne,BloodRayne,168705,2405420.0,3711633.0,64.80759277654876
Henry Fool,Henry Fool,37410,1334786.0,1461500.0,91.32986657543618
Ghost in the Shell,GHOST IN THE SHELL,9323,2287714.0,1487475.0,153.79848400813458
Ghost in the Shell,???????¯?????,12140,9789651.0,1487475.0,658.1388594766299
Ghost in the Shell,K??kaku Kid??tai,334376,101203.0,1487475.0,6.803677372728953
Singham,Singham,70590,25034000.0,30050894.0,83.30534193092558
Sarkar,Sarkar,20968,5900000.0,17722998.0,33.29007880043771
Nymphomaniac,Nymphomaniac: Vol. II,249397,2227167.0,2742936.0,81.19646247670379
Taxi,Taxi,2330,268254.0,103552731.0,0.25905062803220513
Taxi,Taxi 3,2334,65497208.0,103552731.0,63.25010201807232
Taxi,Taxi 2,2332,60726164.0,103552731.0,58.64274501847759
ABCD,??ª?????­?,157293,222000.0,11341415.0,1.9574277107397973
Cube,Cube,431,501818.0,8969065.0,5.59498676840897
Detective Dee,??¯???????????,48492,51723285.0,187067303.0,27.649559367411204
Detective Dee,??¯ø???«????,217923,72287783.0,187067303.0,38.642660604349444
Red Cliff,Chi bi,12289,127814609.0,150127047.0,85.13762946392998
Red Cliff,æ? 2,15384,121059225.0,150127047.0,80.63785135266133
Swamp Thing,The Return of Swamp Thing,19142,192816.0,274928.0,70.13327125647443
Hatchet,Hatchet II,43919,52604.0,302396.0,17.39573274778767
Monsters,"Monsters, Inc.",585,562816256.0,5692480.0,9887.013322839957
Monsters,Monsters,43933,4242978.0,5692480.0,74.53654646129631
Monsters,Monsters University,62211,743559607.0,5692480.0,13062.138242031593
Evangelion,?ø???????????­????ý?¦??¦????ÿ???,18491,20000000.0,66296028.0,30.167719851934415
Evangelion,?ñ????­????ý?¦?ý???ø??ÿ???¬?§,15137,223839.0,66296028.0,0.3376356121968574
Evangelion,?ñ????­????ý?¦?ý???ø??ÿ???¬?ÿ?,22843,41162041.0,66296028.0,62.08824607109192
Evangelion,?ñ????­????ý?¦?ý???ø??ÿ???:Q,75629,60487945.0,66296028.0,91.23916895896086
V/H/S,V/H/S,84348,100345.0,2007143.0,4.999394661964793
V/H/S,V/H/S/2,159117,21833.0,2007143.0,1.0877650471341604
V/H/S,V/H/S: Viral,267806,2756.0,2007143.0,0.13730959876800009
Cowgirls n' Angels,Cowgirls n' Angels,105528,120680.0,119782.0,100.74969527975823
Another Gay Movie,Another Gay Movie,12795,745327.0,104828.0,710.9999236845118
Infernal Affairs,?­???,10775,8708932.0,89594.0,9720.441100966584
I Spit on Your Grave,I Spit on Your Grave,43947,572809.0,1503604.0,38.09573531328728
I Spit on Your Grave,I Spit on Your Grave 2,207768,809.0,1503604.0,0.05380406011157193
Feast,Feast,10070,658573.0,690872.0,95.32489375745435
Three Mothers,La terza madre,15206,54947.0,54947.0,100.0
The Inbetweeners,The Inbetweeners Movie,69798,88025781.0,144051320.0,61.10723664316301
Stake Land,Stake Land,52015,33245.0,714234.0,4.65463699571849
Django,Django,10772,17277.0,19391.0,89.0980351709556
Barbie,Barbie in A Mermaid Tale,34134,16441438.0,5130193.0,320.48381025821055
Barbie,Barbie in A Mermaid Tale 2,91342,15489307.0,5130193.0,301.92445001581814
Tinker Bell,Tinker Bell and the Pirate Fairy,175112,20300000.0,175997380.0,11.534262612318432
Doraemon,STAND BY ME ????????????,265712,83061158.0,203578370.0,40.80058112264088
Tiny Times,ø??¯,209049,79.0,75490000.0,0.00010464962246655186
Tiny Times,ø??¯2¬??????¯,211711,47.0,75490000.0,6.225990197377136e-05
Kidulthood,Kidulthood,13185,165000.0,6774155.0,2.435728146167308
Torrente,Torrente 5: Operaci??n Eurovegas,254869,11672363.0,39659408.0,29.43151092926047
Always,Always san-ch??me no y?¯h,13430,33053559.0,69874885.0,47.30391899750533
A Few Best Men,A Few Best Men,85435,29007412.0,17224539.0,168.4074795847947
A Few Best Men,A Few Less Men,413391,123899.0,17224539.0,0.7193167840370067
